[025月2026 16:09:59.581] [main/INFO] [cpw.mods.modlauncher.Launcher/MODLAUNCHER]: ModLauncher running: args [--launchTarget, forgedatauserdev, --assetIndex, 5, --assetsDir, C:\Users\14049\.gradle\caches\forge_gradle\assets, --gameDir, ., --fml.forgeVersion, 47.1.3, --fml.mcVersion, 1.20.1, --fml.forgeGroup, net.minecraftforge, --fml.mcpVersion, 20230612.114412, --mod, riautomobility, --all, --output, D:\Game\Minecraft Mod\Forge\RIAutomobility\src\generated\resources, --existing, D:\Game\Minecraft Mod\Forge\RIAutomobility\src\main\resources, --mixin.config, mixins.riautomobility.json]
[025月2026 16:09:59.587] [main/INFO] [cpw.mods.modlauncher.Launcher/MODLAUNCHER]: ModLauncher 10.0.9+10.0.9+main.dcd20f30 starting: java version 17.0.15 by Eclipse Adoptium; OS Windows 11 arch amd64 version 10.0
[025月2026 16:09:59.617] [main/DEBUG] [cpw.mods.modlauncher.LaunchServiceHandler/MODLAUNCHER]: Found launch services [fmlclientdev,forgeclient,minecraft,forgegametestserverdev,fmlserveruserdev,fmlclient,fmldatauserdev,forgeserverdev,forgeserveruserdev,forgeclientdev,forgeclientuserdev,forgeserver,forgedatadev,fmlserver,fmlclientuserdev,fmlserverdev,forgedatauserdev,testharness,forgegametestserveruserdev]
[025月2026 16:09:59.631] [main/DEBUG] [cpw.mods.modlauncher.NameMappingServiceHandler/MODLAUNCHER]: Found naming services : [srgtomcp]
[025月2026 16:09:59.647] [main/DEBUG] [cpw.mods.modlauncher.LaunchPluginHandler/MODLAUNCHER]: Found launch plugins: [mixin,eventbus,slf4jfixer,object_holder_definalize,runtime_enum_extender,capability_token_subclass,accesstransformer,runtimedistcleaner]
[025月2026 16:09:59.662] [main/DEBUG] [cpw.mods.modlauncher.TransformationServicesHandler/MODLAUNCHER]: Discovering transformation services
[025月2026 16:09:59.669] [main/DEBUG] [net.minecraftforge.fml.loading.FMLPaths/CORE]: Path GAMEDIR is D:\Game\Minecraft Mod\Forge\RIAutomobility\run-data
[025月2026 16:09:59.670] [main/DEBUG] [net.minecraftforge.fml.loading.FMLPaths/CORE]: Path MODSDIR is D:\Game\Minecraft Mod\Forge\RIAutomobility\run-data\mods
[025月2026 16:09:59.670] [main/DEBUG] [net.minecraftforge.fml.loading.FMLPaths/CORE]: Path CONFIGDIR is D:\Game\Minecraft Mod\Forge\RIAutomobility\run-data\config
[025月2026 16:09:59.670] [main/DEBUG] [net.minecraftforge.fml.loading.FMLPaths/CORE]: Path FMLCONFIG is D:\Game\Minecraft Mod\Forge\RIAutomobility\run-data\config\fml.toml
[025月2026 16:09:59.702] [main/WARN] [net.minecraftforge.fml.loading.FMLConfig/CORE]: Configuration file D:\Game\Minecraft Mod\Forge\RIAutomobility\run-data\config\fml.toml is not correct. Correcting
[025月2026 16:09:59.704] [main/INFO] [net.minecraftforge.fml.loading.FMLConfig/CORE]: Incorrect key [earlyWindowSkipGLVersions] was corrected from null to []
[025月2026 16:09:59.705] [main/INFO] [net.minecraftforge.fml.loading.FMLConfig/CORE]: Incorrect key [earlyWindowSquir] was corrected from null to false
[025月2026 16:09:59.718] [main/DEBUG] [cpw.mods.modlauncher.TransformationServicesHandler/MODLAUNCHER]: Found additional transformation services from discovery services: 
[025月2026 16:09:59.724] [main/INFO] [net.minecraftforge.fml.loading.ImmediateWindowHandler/]: ImmediateWindowProvider not loading because launch target is forgedatauserdev
[025月2026 16:09:59.734] [main/DEBUG] [cpw.mods.modlauncher.TransformationServicesHandler/MODLAUNCHER]: Found transformer services : [mixin,fml]
[025月2026 16:09:59.734] [main/DEBUG] [cpw.mods.modlauncher.TransformationServicesHandler/MODLAUNCHER]: Transformation services loading
[025月2026 16:09:59.735] [main/DEBUG] [cpw.mods.modlauncher.TransformationServiceDecorator/MODLAUNCHER]: Loading service mixin
[025月2026 16:09:59.736] [main/DEBUG] [cpw.mods.modlauncher.TransformationServiceDecorator/MODLAUNCHER]: Loaded service mixin
[025月2026 16:09:59.736] [main/DEBUG] [cpw.mods.modlauncher.TransformationServiceDecorator/MODLAUNCHER]: Loading service fml
[025月2026 16:09:59.737] [main/DEBUG] [net.minecraftforge.fml.loading.LauncherVersion/CORE]: Found FMLLauncher version 1.0
[025月2026 16:09:59.738] [main/DEBUG] [net.minecraftforge.fml.loading.FMLLoader/CORE]: FML 1.0 loading
[025月2026 16:09:59.738] [main/DEBUG] [net.minecraftforge.fml.loading.FMLLoader/CORE]: FML found ModLauncher version : 10.0.9+10.0.9+main.dcd20f30
[025月2026 16:09:59.739] [main/DEBUG] [net.minecraftforge.fml.loading.FMLLoader/CORE]: FML found AccessTransformer version : 8.0.4+66+master.c09db6d7
[025月2026 16:09:59.739] [main/DEBUG] [net.minecraftforge.fml.loading.FMLLoader/CORE]: FML found EventBus version : 6.0.5+6.0.5+master.eb8e549b
[025月2026 16:09:59.740] [main/DEBUG] [net.minecraftforge.fml.loading.FMLLoader/CORE]: Found Runtime Dist Cleaner
[025月2026 16:09:59.741] [main/DEBUG] [net.minecraftforge.fml.loading.FMLLoader/CORE]: FML found CoreMod version : 5.0.1+15+master.dc5a2922
[025月2026 16:09:59.742] [main/DEBUG] [net.minecraftforge.fml.loading.FMLLoader/CORE]: Found ForgeSPI package implementation version 7.0.1+7.0.1+master.d2b38bf6
[025月2026 16:09:59.743] [main/DEBUG] [net.minecraftforge.fml.loading.FMLLoader/CORE]: Found ForgeSPI package specification 5
[025月2026 16:09:59.743] [main/DEBUG] [cpw.mods.modlauncher.TransformationServiceDecorator/MODLAUNCHER]: Loaded service fml
[025月2026 16:09:59.744] [main/DEBUG] [cpw.mods.modlauncher.TransformationServicesHandler/MODLAUNCHER]: Configuring option handling for services
[025月2026 16:09:59.752] [main/DEBUG] [cpw.mods.modlauncher.TransformationServicesHandler/MODLAUNCHER]: Transformation services initializing
[025月2026 16:09:59.753] [main/DEBUG] [cpw.mods.modlauncher.TransformationServiceDecorator/MODLAUNCHER]: Initializing transformation service mixin
[025月2026 16:09:59.768] [main/DEBUG] [mixin/]: MixinService [ModLauncher] was successfully booted in cpw.mods.cl.ModuleClassLoader@4b0b0854
[025月2026 16:09:59.787] [main/INFO] [mixin/]: SpongePowered MIXIN Subsystem Version=0.8.5 Source=union:/C:/Users/14049/.gradle/caches/modules-2/files-2.1/org.spongepowered/mixin/0.8.5/9d1c0c3a304ae6697ecd477218fa61b850bf57fc/mixin-0.8.5.jar%23128!/ Service=ModLauncher Env=CLIENT
[025月2026 16:09:59.791] [main/DEBUG] [mixin/]: Initialising Mixin Platform Manager
[025月2026 16:09:59.791] [main/DEBUG] [mixin/]: Adding mixin platform agents for container ModLauncher Root Container(ModLauncher:4f56a0a2)
[025月2026 16:09:59.792] [main/DEBUG] [mixin/]: Instancing new MixinPlatformAgentMinecraftForge for ModLauncher Root Container(ModLauncher:4f56a0a2)
[025月2026 16:09:59.793] [main/DEBUG] [mixin/]: MixinPlatformAgentMinecraftForge rejected container ModLauncher Root Container(ModLauncher:4f56a0a2)
[025月2026 16:09:59.793] [main/DEBUG] [mixin/]: Instancing new MixinPlatformAgentDefault for ModLauncher Root Container(ModLauncher:4f56a0a2)
[025月2026 16:09:59.794] [main/DEBUG] [mixin/]: MixinPlatformAgentDefault accepted container ModLauncher Root Container(ModLauncher:4f56a0a2)
[025月2026 16:09:59.796] [main/DEBUG] [cpw.mods.modlauncher.TransformationServiceDecorator/MODLAUNCHER]: Initialized transformation service mixin
[025月2026 16:09:59.796] [main/DEBUG] [cpw.mods.modlauncher.TransformationServiceDecorator/MODLAUNCHER]: Initializing transformation service fml
[025月2026 16:09:59.796] [main/DEBUG] [net.minecraftforge.fml.loading.FMLServiceProvider/CORE]: Setting up basic FML game directories
[025月2026 16:09:59.797] [main/DEBUG] [net.minecraftforge.fml.loading.FMLPaths/CORE]: Path GAMEDIR is D:\Game\Minecraft Mod\Forge\RIAutomobility\run-data
[025月2026 16:09:59.798] [main/DEBUG] [net.minecraftforge.fml.loading.FMLPaths/CORE]: Path MODSDIR is D:\Game\Minecraft Mod\Forge\RIAutomobility\run-data\mods
[025月2026 16:09:59.798] [main/DEBUG] [net.minecraftforge.fml.loading.FMLPaths/CORE]: Path CONFIGDIR is D:\Game\Minecraft Mod\Forge\RIAutomobility\run-data\config
[025月2026 16:09:59.798] [main/DEBUG] [net.minecraftforge.fml.loading.FMLPaths/CORE]: Path FMLCONFIG is D:\Game\Minecraft Mod\Forge\RIAutomobility\run-data\config\fml.toml
[025月2026 16:09:59.799] [main/DEBUG] [net.minecraftforge.fml.loading.FMLServiceProvider/CORE]: Loading configuration
[025月2026 16:09:59.803] [main/DEBUG] [net.minecraftforge.fml.loading.FMLServiceProvider/CORE]: Preparing ModFile
[025月2026 16:09:59.808] [main/DEBUG] [net.minecraftforge.fml.loading.FMLServiceProvider/CORE]: Preparing launch handler
[025月2026 16:09:59.808] [main/DEBUG] [net.minecraftforge.fml.loading.FMLLoader/CORE]: Using forgedatauserdev as launch service
[025月2026 16:09:59.823] [main/DEBUG] [net.minecraftforge.fml.loading.FMLLoader/CORE]: Received command line version data  : VersionInfo[forgeVersion=47.1.3, mcVersion=1.20.1, mcpVersion=20230612.114412, forgeGroup=net.minecraftforge]
[025月2026 16:09:59.826] [main/DEBUG] [cpw.mods.modlauncher.TransformationServiceDecorator/MODLAUNCHER]: Initialized transformation service fml
[025月2026 16:09:59.826] [main/DEBUG] [cpw.mods.modlauncher.NameMappingServiceHandler/MODLAUNCHER]: Current naming domain is 'mcp'
[025月2026 16:09:59.827] [main/DEBUG] [cpw.mods.modlauncher.NameMappingServiceHandler/MODLAUNCHER]: Identified name mapping providers {srg=srgtomcp:1234}
[025月2026 16:09:59.827] [main/DEBUG] [cpw.mods.modlauncher.TransformationServicesHandler/MODLAUNCHER]: Transformation services begin scanning
[025月2026 16:09:59.828] [main/DEBUG] [cpw.mods.modlauncher.TransformationServiceDecorator/MODLAUNCHER]: Beginning scan trigger - transformation service mixin
[025月2026 16:09:59.828] [main/DEBUG] [cpw.mods.modlauncher.TransformationServiceDecorator/MODLAUNCHER]: End scan trigger - transformation service mixin
[025月2026 16:09:59.828] [main/DEBUG] [cpw.mods.modlauncher.TransformationServiceDecorator/MODLAUNCHER]: Beginning scan trigger - transformation service fml
[025月2026 16:09:59.829] [main/DEBUG] [net.minecraftforge.fml.loading.FMLServiceProvider/CORE]: Initiating mod scan
[025月2026 16:09:59.842] [main/DEBUG] [net.minecraftforge.fml.loading.moddiscovery.ModListHandler/CORE]: Found mod coordinates from lists: []
[025月2026 16:09:59.847] [main/DEBUG] [net.minecraftforge.fml.loading.moddiscovery.ModDiscoverer/CORE]: Found Mod Locators : (mods folder:null),(maven libs:null),(exploded directory:null),(minecraft:null),(userdev classpath:null)
[025月2026 16:09:59.847] [main/DEBUG] [net.minecraftforge.fml.loading.moddiscovery.ModDiscoverer/CORE]: Found Dependency Locators : (JarInJar:null)
[025月2026 16:09:59.857] [main/DEBUG] [net.minecraftforge.fml.loading.targets.CommonLaunchHandler/CORE]: Got mod coordinates riautomobility%%D:\Game\Minecraft Mod\Forge\RIAutomobility\build\resources\main;riautomobility%%D:\Game\Minecraft Mod\Forge\RIAutomobility\build\classes\java\main from env
[025月2026 16:09:59.859] [main/DEBUG] [net.minecraftforge.fml.loading.targets.CommonLaunchHandler/CORE]: Found supplied mod coordinates [{riautomobility=[D:\Game\Minecraft Mod\Forge\RIAutomobility\build\resources\main, D:\Game\Minecraft Mod\Forge\RIAutomobility\build\classes\java\main]}]
[025月2026 16:10:00.171] [main/DEBUG] [net.minecraftforge.fml.loading.moddiscovery.ModFileInfo/LOADING]: Found valid mod file forge-1.20.1-47.1.3_mapped_official_1.20.1-recomp.jar with {minecraft} mods - versions {1.20.1}
[025月2026 16:10:00.176] [main/DEBUG] [net.minecraftforge.fml.loading.moddiscovery.ModFileParser/LOADING]: Considering mod file candidate C:\Users\14049\.gradle\caches\modules-2\files-2.1\net.minecraftforge\javafmllanguage\1.20.1-47.1.3\9775dc3f284cdb3e0d33b372c328c6ef88e434b0\javafmllanguage-1.20.1-47.1.3.jar
[025月2026 16:10:00.177] [main/WARN] [net.minecraftforge.fml.loading.moddiscovery.ModFileParser/LOADING]: Mod file C:\Users\14049\.gradle\caches\modules-2\files-2.1\net.minecraftforge\javafmllanguage\1.20.1-47.1.3\9775dc3f284cdb3e0d33b372c328c6ef88e434b0\javafmllanguage-1.20.1-47.1.3.jar is missing mods.toml file
[025月2026 16:10:00.182] [main/DEBUG] [net.minecraftforge.fml.loading.moddiscovery.ModFileParser/LOADING]: Considering mod file candidate C:\Users\14049\.gradle\caches\modules-2\files-2.1\net.minecraftforge\lowcodelanguage\1.20.1-47.1.3\d785f4087ec3be094fd5aed801f5366ca958a81b\lowcodelanguage-1.20.1-47.1.3.jar
[025月2026 16:10:00.182] [main/WARN] [net.minecraftforge.fml.loading.moddiscovery.ModFileParser/LOADING]: Mod file C:\Users\14049\.gradle\caches\modules-2\files-2.1\net.minecraftforge\lowcodelanguage\1.20.1-47.1.3\d785f4087ec3be094fd5aed801f5366ca958a81b\lowcodelanguage-1.20.1-47.1.3.jar is missing mods.toml file
[025月2026 16:10:00.187] [main/DEBUG] [net.minecraftforge.fml.loading.moddiscovery.ModFileParser/LOADING]: Considering mod file candidate C:\Users\14049\.gradle\caches\modules-2\files-2.1\net.minecraftforge\mclanguage\1.20.1-47.1.3\be60c45f3578cdf944a669c6ea16fd91bec50f2e\mclanguage-1.20.1-47.1.3.jar
[025月2026 16:10:00.187] [main/WARN] [net.minecraftforge.fml.loading.moddiscovery.ModFileParser/LOADING]: Mod file C:\Users\14049\.gradle\caches\modules-2\files-2.1\net.minecraftforge\mclanguage\1.20.1-47.1.3\be60c45f3578cdf944a669c6ea16fd91bec50f2e\mclanguage-1.20.1-47.1.3.jar is missing mods.toml file
[025月2026 16:10:00.191] [main/DEBUG] [net.minecraftforge.fml.loading.moddiscovery.ModFileParser/LOADING]: Considering mod file candidate C:\Users\14049\.gradle\caches\modules-2\files-2.1\net.minecraftforge\fmlcore\1.20.1-47.1.3\1aadc0201d8e97b107d9978c7fe066bb54bbb9dc\fmlcore-1.20.1-47.1.3.jar
[025月2026 16:10:00.191] [main/WARN] [net.minecraftforge.fml.loading.moddiscovery.ModFileParser/LOADING]: Mod file C:\Users\14049\.gradle\caches\modules-2\files-2.1\net.minecraftforge\fmlcore\1.20.1-47.1.3\1aadc0201d8e97b107d9978c7fe066bb54bbb9dc\fmlcore-1.20.1-47.1.3.jar is missing mods.toml file
[025月2026 16:10:00.197] [main/DEBUG] [net.minecraftforge.fml.loading.moddiscovery.ModFileParser/LOADING]: Considering mod file candidate D:\Game\Minecraft Mod\Forge\RIAutomobility\build\resources\main
[025月2026 16:10:00.209] [main/DEBUG] [net.minecraftforge.fml.loading.moddiscovery.ModFileInfo/LOADING]: Found valid mod file main with {riautomobility} mods - versions {1.0.3}
[025月2026 16:10:00.211] [main/DEBUG] [net.minecraftforge.fml.loading.moddiscovery.ModFileParser/LOADING]: Considering mod file candidate /
[025月2026 16:10:00.215] [main/DEBUG] [net.minecraftforge.fml.loading.moddiscovery.ModFileInfo/LOADING]: Found valid mod file  with {forge} mods - versions {47.1.3}
[025月2026 16:10:00.244] [main/DEBUG] [net.minecraftforge.fml.loading.moddiscovery.ModFileParser/LOADING]: Considering mod file candidate C:\Users\14049\.gradle\caches\forge_gradle\deobf_dependencies\curse\maven\automobility-658286\4613497_mapped_official_1.20.1\automobility-658286-4613497_mapped_official_1.20.1.jar
[025月2026 16:10:00.246] [main/DEBUG] [net.minecraftforge.fml.loading.moddiscovery.ModFileInfo/LOADING]: Found valid mod file automobility-658286-4613497_mapped_official_1.20.1.jar with {automobility} mods - versions {0.4.2+1.20.1-forge}
[025月2026 16:10:00.250] [main/DEBUG] [net.minecraftforge.fml.loading.moddiscovery.ModFileParser/LOADING]: Considering mod file candidate C:\Users\14049\.gradle\caches\forge_gradle\deobf_dependencies\curse\maven\geckolib-388172\7025129_mapped_official_1.20.1\geckolib-388172-7025129_mapped_official_1.20.1.jar
[025月2026 16:10:00.252] [main/DEBUG] [net.minecraftforge.fml.loading.moddiscovery.ModFileInfo/LOADING]: Found valid mod file geckolib-388172-7025129_mapped_official_1.20.1.jar with {geckolib} mods - versions {4.8.2}
[025月2026 16:10:00.257] [main/DEBUG] [net.minecraftforge.fml.loading.moddiscovery.ModFileParser/LOADING]: Considering mod file candidate C:\Users\14049\.gradle\caches\forge_gradle\deobf_dependencies\mezz\jei\jei-1.20.1-forge\15.20.0.129_mapped_official_1.20.1\jei-1.20.1-forge-15.20.0.129_mapped_official_1.20.1.jar
[025月2026 16:10:00.259] [main/DEBUG] [net.minecraftforge.fml.loading.moddiscovery.ModFileInfo/LOADING]: Found valid mod file jei-1.20.1-forge-15.20.0.129_mapped_official_1.20.1.jar with {jei} mods - versions {15.20.0.129}
[025月2026 16:10:00.264] [main/DEBUG] [net.minecraftforge.fml.loading.moddiscovery.ModFileParser/LOADING]: Considering mod file candidate C:\Users\14049\.gradle\caches\forge_gradle\deobf_dependencies\curse\maven\jade-324717\6855440_mapped_official_1.20.1\jade-324717-6855440_mapped_official_1.20.1.jar
[025月2026 16:10:00.267] [main/DEBUG] [net.minecraftforge.fml.loading.moddiscovery.ModFileInfo/LOADING]: Found valid mod file jade-324717-6855440_mapped_official_1.20.1.jar with {jade} mods - versions {11.13.2+forge}
[025月2026 16:10:00.273] [main/DEBUG] [net.minecraftforge.fml.loading.moddiscovery.ModFileParser/LOADING]: Considering mod file candidate C:\Users\14049\.gradle\caches\forge_gradle\deobf_dependencies\curse\maven\ibe-editor-256822\4994072_mapped_official_1.20.1\ibe-editor-256822-4994072_mapped_official_1.20.1.jar
[025月2026 16:10:00.274] [main/DEBUG] [net.minecraftforge.fml.loading.moddiscovery.ModFileInfo/LOADING]: Found valid mod file ibe-editor-256822-4994072_mapped_official_1.20.1.jar with {ibeeditor} mods - versions {2.2.8}
[025月2026 16:10:00.278] [main/DEBUG] [net.minecraftforge.fml.loading.moddiscovery.ModFileParser/LOADING]: Considering mod file candidate C:\Users\14049\.gradle\caches\forge_gradle\deobf_dependencies\curse\maven\automobility-658286\4613497_mapped_official_1.20.1\automobility-658286-4613497_mapped_official_1.20.1.jar
[025月2026 16:10:00.279] [main/DEBUG] [net.minecraftforge.fml.loading.moddiscovery.ModFileInfo/LOADING]: Found valid mod file automobility-658286-4613497_mapped_official_1.20.1.jar with {automobility} mods - versions {0.4.2+1.20.1-forge}
[025月2026 16:10:00.283] [main/DEBUG] [net.minecraftforge.fml.loading.moddiscovery.ModFileParser/LOADING]: Considering mod file candidate C:\Users\14049\.gradle\caches\forge_gradle\deobf_dependencies\curse\maven\geckolib-388172\7025129_mapped_official_1.20.1\geckolib-388172-7025129_mapped_official_1.20.1.jar
[025月2026 16:10:00.284] [main/DEBUG] [net.minecraftforge.fml.loading.moddiscovery.ModFileInfo/LOADING]: Found valid mod file geckolib-388172-7025129_mapped_official_1.20.1.jar with {geckolib} mods - versions {4.8.2}
[025月2026 16:10:00.288] [main/DEBUG] [net.minecraftforge.fml.loading.moddiscovery.ModFileParser/LOADING]: Considering mod file candidate C:\Users\14049\.gradle\caches\forge_gradle\deobf_dependencies\mezz\jei\jei-1.20.1-forge\15.20.0.129_mapped_official_1.20.1\jei-1.20.1-forge-15.20.0.129_mapped_official_1.20.1.jar
[025月2026 16:10:00.290] [main/DEBUG] [net.minecraftforge.fml.loading.moddiscovery.ModFileInfo/LOADING]: Found valid mod file jei-1.20.1-forge-15.20.0.129_mapped_official_1.20.1.jar with {jei} mods - versions {15.20.0.129}
[025月2026 16:10:00.294] [main/DEBUG] [net.minecraftforge.fml.loading.moddiscovery.ModFileParser/LOADING]: Considering mod file candidate C:\Users\14049\.gradle\caches\forge_gradle\deobf_dependencies\curse\maven\jade-324717\6855440_mapped_official_1.20.1\jade-324717-6855440_mapped_official_1.20.1.jar
[025月2026 16:10:00.296] [main/DEBUG] [net.minecraftforge.fml.loading.moddiscovery.ModFileInfo/LOADING]: Found valid mod file jade-324717-6855440_mapped_official_1.20.1.jar with {jade} mods - versions {11.13.2+forge}
[025月2026 16:10:00.300] [main/DEBUG] [net.minecraftforge.fml.loading.moddiscovery.ModFileParser/LOADING]: Considering mod file candidate C:\Users\14049\.gradle\caches\forge_gradle\deobf_dependencies\curse\maven\ibe-editor-256822\4994072_mapped_official_1.20.1\ibe-editor-256822-4994072_mapped_official_1.20.1.jar
[025月2026 16:10:00.301] [main/DEBUG] [net.minecraftforge.fml.loading.moddiscovery.ModFileInfo/LOADING]: Found valid mod file ibe-editor-256822-4994072_mapped_official_1.20.1.jar with {ibeeditor} mods - versions {2.2.8}
[025月2026 16:10:00.306] [main/DEBUG] [net.minecraftforge.fml.loading.UniqueModListBuilder/]: Found 2 mods for first modid jade, selecting most recent based on version data
[025月2026 16:10:00.307] [main/DEBUG] [net.minecraftforge.fml.loading.UniqueModListBuilder/]: Selected file jade-324717-6855440_mapped_official_1.20.1.jar for modid jade with version 11.13.2+forge
[025月2026 16:10:00.307] [main/DEBUG] [net.minecraftforge.fml.loading.UniqueModListBuilder/]: Found 2 mods for first modid geckolib, selecting most recent based on version data
[025月2026 16:10:00.308] [main/DEBUG] [net.minecraftforge.fml.loading.UniqueModListBuilder/]: Selected file geckolib-388172-7025129_mapped_official_1.20.1.jar for modid geckolib with version 4.8.2
[025月2026 16:10:00.308] [main/DEBUG] [net.minecraftforge.fml.loading.UniqueModListBuilder/]: Found 2 mods for first modid automobility, selecting most recent based on version data
[025月2026 16:10:00.308] [main/DEBUG] [net.minecraftforge.fml.loading.UniqueModListBuilder/]: Selected file automobility-658286-4613497_mapped_official_1.20.1.jar for modid automobility with version 0.4.2+1.20.1-forge
[025月2026 16:10:00.308] [main/DEBUG] [net.minecraftforge.fml.loading.UniqueModListBuilder/]: Found 2 mods for first modid ibeeditor, selecting most recent based on version data
[025月2026 16:10:00.308] [main/DEBUG] [net.minecraftforge.fml.loading.UniqueModListBuilder/]: Selected file ibe-editor-256822-4994072_mapped_official_1.20.1.jar for modid ibeeditor with version 2.2.8
[025月2026 16:10:00.308] [main/DEBUG] [net.minecraftforge.fml.loading.UniqueModListBuilder/]: Found 2 mods for first modid jei, selecting most recent based on version data
[025月2026 16:10:00.308] [main/DEBUG] [net.minecraftforge.fml.loading.UniqueModListBuilder/]: Selected file jei-1.20.1-forge-15.20.0.129_mapped_official_1.20.1.jar for modid jei with version 15.20.0.129
[025月2026 16:10:00.316] [main/DEBUG] [net.minecraftforge.fml.loading.moddiscovery.AbstractJarFileDependencyLocator/]: Failed to load resource META-INF\jarjar\metadata.json from forge-1.20.1-47.1.3_mapped_official_1.20.1-recomp.jar, it does not contain dependency information.
[025月2026 16:10:00.317] [main/DEBUG] [net.minecraftforge.fml.loading.moddiscovery.AbstractJarFileDependencyLocator/]: Failed to load resource META-INF\jarjar\metadata.json from main, it does not contain dependency information.
[025月2026 16:10:00.317] [main/DEBUG] [net.minecraftforge.fml.loading.moddiscovery.AbstractJarFileDependencyLocator/]: Failed to load resource META-INF\jarjar\metadata.json from , it does not contain dependency information.
[025月2026 16:10:00.317] [main/DEBUG] [net.minecraftforge.fml.loading.moddiscovery.AbstractJarFileDependencyLocator/]: Failed to load resource META-INF\jarjar\metadata.json from jade-324717-6855440_mapped_official_1.20.1.jar, it does not contain dependency information.
[025月2026 16:10:00.318] [main/DEBUG] [net.minecraftforge.fml.loading.moddiscovery.AbstractJarFileDependencyLocator/]: Failed to load resource META-INF\jarjar\metadata.json from automobility-658286-4613497_mapped_official_1.20.1.jar, it does not contain dependency information.
[025月2026 16:10:00.318] [main/DEBUG] [net.minecraftforge.fml.loading.moddiscovery.AbstractJarFileDependencyLocator/]: Failed to load resource META-INF\jarjar\metadata.json from ibe-editor-256822-4994072_mapped_official_1.20.1.jar, it does not contain dependency information.
[025月2026 16:10:00.318] [main/DEBUG] [net.minecraftforge.fml.loading.moddiscovery.AbstractJarFileDependencyLocator/]: Failed to load resource META-INF\jarjar\metadata.json from jei-1.20.1-forge-15.20.0.129_mapped_official_1.20.1.jar, it does not contain dependency information.
[025月2026 16:10:00.318] [main/DEBUG] [net.minecraftforge.fml.loading.moddiscovery.AbstractJarFileDependencyLocator/]: Failed to load resource META-INF\jarjar\metadata.json from mclanguage-1.20.1-47.1.3.jar, it does not contain dependency information.
[025月2026 16:10:00.318] [main/DEBUG] [net.minecraftforge.fml.loading.moddiscovery.AbstractJarFileDependencyLocator/]: Failed to load resource META-INF\jarjar\metadata.json from javafmllanguage-1.20.1-47.1.3.jar, it does not contain dependency information.
[025月2026 16:10:00.318] [main/DEBUG] [net.minecraftforge.fml.loading.moddiscovery.AbstractJarFileDependencyLocator/]: Failed to load resource META-INF\jarjar\metadata.json from fmlcore-1.20.1-47.1.3.jar, it does not contain dependency information.
[025月2026 16:10:00.318] [main/DEBUG] [net.minecraftforge.fml.loading.moddiscovery.AbstractJarFileDependencyLocator/]: Failed to load resource META-INF\jarjar\metadata.json from lowcodelanguage-1.20.1-47.1.3.jar, it does not contain dependency information.
[025月2026 16:10:00.383] [main/DEBUG] [net.minecraftforge.fml.loading.moddiscovery.AbstractJarFileDependencyLocator/]: Failed to load resource META-INF\jarjar\metadata.json from mclib-20.jar, it does not contain dependency information.
[025月2026 16:10:00.421] [main/INFO] [net.minecraftforge.fml.loading.moddiscovery.JarInJarDependencyLocator/]: Found 1 dependencies adding them to mods collection
[025月2026 16:10:00.424] [main/DEBUG] [net.minecraftforge.fml.loading.moddiscovery.ModFileInfo/LOADING]: Found valid mod file forge-1.20.1-47.1.3_mapped_official_1.20.1-recomp.jar with {minecraft} mods - versions {1.20.1}
[025月2026 16:10:00.427] [main/DEBUG] [net.minecraftforge.fml.loading.moddiscovery.ModFile/LOADING]: Loading mod file D:\Game\Minecraft Mod\Forge\RIAutomobility\build\fg_cache\net\minecraftforge\forge\1.20.1-47.1.3_mapped_official_1.20.1\forge-1.20.1-47.1.3_mapped_official_1.20.1-recomp.jar with languages [LanguageSpec[languageName=minecraft, acceptedVersions=1]]
[025月2026 16:10:00.429] [main/DEBUG] [net.minecraftforge.fml.loading.moddiscovery.ModFileParser/LOADING]: Considering mod file candidate D:\Game\Minecraft Mod\Forge\RIAutomobility\build\resources\main
[025月2026 16:10:00.432] [main/DEBUG] [net.minecraftforge.fml.loading.moddiscovery.ModFileInfo/LOADING]: Found valid mod file main with {riautomobility} mods - versions {1.0.3}
[025月2026 16:10:00.433] [main/DEBUG] [net.minecraftforge.fml.loading.moddiscovery.ModFile/LOADING]: Loading mod file D:\Game\Minecraft Mod\Forge\RIAutomobility\build\resources\main with languages [LanguageSpec[languageName=javafml, acceptedVersions=[47,)]]
[025月2026 16:10:00.433] [main/DEBUG] [net.minecraftforge.fml.loading.moddiscovery.ModFileParser/LOADING]: Considering mod file candidate /
[025月2026 16:10:00.434] [main/DEBUG] [net.minecraftforge.fml.loading.moddiscovery.ModFileInfo/LOADING]: Found valid mod file  with {forge} mods - versions {47.1.3}
[025月2026 16:10:00.434] [main/DEBUG] [net.minecraftforge.fml.loading.moddiscovery.ModFile/LOADING]: Loading mod file / with languages [LanguageSpec[languageName=javafml, acceptedVersions=[24,]]]
[025月2026 16:10:00.438] [main/DEBUG] [net.minecraftforge.fml.loading.moddiscovery.ModFileParser/LOADING]: Found coremod field_to_method with Javascript path coremods/field_to_method.js
[025月2026 16:10:00.438] [main/DEBUG] [net.minecraftforge.fml.loading.moddiscovery.ModFileParser/LOADING]: Found coremod field_to_instanceof with Javascript path coremods/field_to_instanceof.js
[025月2026 16:10:00.438] [main/DEBUG] [net.minecraftforge.fml.loading.moddiscovery.ModFileParser/LOADING]: Found coremod add_bouncer_method with Javascript path coremods/add_bouncer_method.js
[025月2026 16:10:00.438] [main/DEBUG] [net.minecraftforge.fml.loading.moddiscovery.ModFileParser/LOADING]: Found coremod method_redirector with Javascript path coremods/method_redirector.js
[025月2026 16:10:00.439] [main/DEBUG] [net.minecraftforge.fml.loading.moddiscovery.ModFile/LOADING]: Found coremod coremods/field_to_method.js
[025月2026 16:10:00.439] [main/DEBUG] [net.minecraftforge.fml.loading.moddiscovery.ModFile/LOADING]: Found coremod coremods/field_to_instanceof.js
[025月2026 16:10:00.439] [main/DEBUG] [net.minecraftforge.fml.loading.moddiscovery.ModFile/LOADING]: Found coremod coremods/add_bouncer_method.js
[025月2026 16:10:00.439] [main/DEBUG] [net.minecraftforge.fml.loading.moddiscovery.ModFile/LOADING]: Found coremod coremods/method_redirector.js
[025月2026 16:10:00.439] [main/DEBUG] [net.minecraftforge.fml.loading.moddiscovery.ModFileParser/LOADING]: Considering mod file candidate C:\Users\14049\.gradle\caches\forge_gradle\deobf_dependencies\curse\maven\jade-324717\6855440_mapped_official_1.20.1\jade-324717-6855440_mapped_official_1.20.1.jar
[025月2026 16:10:00.440] [main/DEBUG] [net.minecraftforge.fml.loading.moddiscovery.ModFileInfo/LOADING]: Found valid mod file jade-324717-6855440_mapped_official_1.20.1.jar with {jade} mods - versions {11.13.2+forge}
[025月2026 16:10:00.440] [main/DEBUG] [net.minecraftforge.fml.loading.moddiscovery.ModFile/LOADING]: Loading mod file C:\Users\14049\.gradle\caches\forge_gradle\deobf_dependencies\curse\maven\jade-324717\6855440_mapped_official_1.20.1\jade-324717-6855440_mapped_official_1.20.1.jar with languages [LanguageSpec[languageName=javafml, acceptedVersions=[46,)]]
[025月2026 16:10:00.441] [main/DEBUG] [net.minecraftforge.fml.loading.moddiscovery.ModFileParser/LOADING]: Considering mod file candidate C:\Users\14049\.gradle\caches\forge_gradle\deobf_dependencies\curse\maven\geckolib-388172\7025129_mapped_official_1.20.1\geckolib-388172-7025129_mapped_official_1.20.1.jar
[025月2026 16:10:00.442] [main/DEBUG] [net.minecraftforge.fml.loading.moddiscovery.ModFileInfo/LOADING]: Found valid mod file geckolib-388172-7025129_mapped_official_1.20.1.jar with {geckolib} mods - versions {4.8.2}
[025月2026 16:10:00.442] [main/DEBUG] [net.minecraftforge.fml.loading.moddiscovery.ModFile/LOADING]: Loading mod file C:\Users\14049\.gradle\caches\forge_gradle\deobf_dependencies\curse\maven\geckolib-388172\7025129_mapped_official_1.20.1\geckolib-388172-7025129_mapped_official_1.20.1.jar with languages [LanguageSpec[languageName=javafml, acceptedVersions=[47,)]]
[025月2026 16:10:00.442] [main/DEBUG] [net.minecraftforge.fml.loading.moddiscovery.ModFileParser/LOADING]: Considering mod file candidate C:\Users\14049\.gradle\caches\forge_gradle\deobf_dependencies\curse\maven\automobility-658286\4613497_mapped_official_1.20.1\automobility-658286-4613497_mapped_official_1.20.1.jar
[025月2026 16:10:00.443] [main/DEBUG] [net.minecraftforge.fml.loading.moddiscovery.ModFileInfo/LOADING]: Found valid mod file automobility-658286-4613497_mapped_official_1.20.1.jar with {automobility} mods - versions {0.4.2+1.20.1-forge}
[025月2026 16:10:00.443] [main/DEBUG] [net.minecraftforge.fml.loading.moddiscovery.ModFile/LOADING]: Loading mod file C:\Users\14049\.gradle\caches\forge_gradle\deobf_dependencies\curse\maven\automobility-658286\4613497_mapped_official_1.20.1\automobility-658286-4613497_mapped_official_1.20.1.jar with languages [LanguageSpec[languageName=javafml, acceptedVersions=[46,)]]
[025月2026 16:10:00.443] [main/DEBUG] [net.minecraftforge.fml.loading.moddiscovery.ModFileParser/LOADING]: Considering mod file candidate C:\Users\14049\.gradle\caches\forge_gradle\deobf_dependencies\mezz\jei\jei-1.20.1-forge\15.20.0.129_mapped_official_1.20.1\jei-1.20.1-forge-15.20.0.129_mapped_official_1.20.1.jar
[025月2026 16:10:00.444] [main/DEBUG] [net.minecraftforge.fml.loading.moddiscovery.ModFileInfo/LOADING]: Found valid mod file jei-1.20.1-forge-15.20.0.129_mapped_official_1.20.1.jar with {jei} mods - versions {15.20.0.129}
[025月2026 16:10:00.445] [main/DEBUG] [net.minecraftforge.fml.loading.moddiscovery.ModFile/LOADING]: Loading mod file C:\Users\14049\.gradle\caches\forge_gradle\deobf_dependencies\mezz\jei\jei-1.20.1-forge\15.20.0.129_mapped_official_1.20.1\jei-1.20.1-forge-15.20.0.129_mapped_official_1.20.1.jar with languages [LanguageSpec[languageName=javafml, acceptedVersions=[47,)]]
[025月2026 16:10:00.445] [main/DEBUG] [net.minecraftforge.fml.loading.moddiscovery.ModFileParser/LOADING]: Considering mod file candidate C:\Users\14049\.gradle\caches\forge_gradle\deobf_dependencies\curse\maven\ibe-editor-256822\4994072_mapped_official_1.20.1\ibe-editor-256822-4994072_mapped_official_1.20.1.jar
[025月2026 16:10:00.446] [main/DEBUG] [net.minecraftforge.fml.loading.moddiscovery.ModFileInfo/LOADING]: Found valid mod file ibe-editor-256822-4994072_mapped_official_1.20.1.jar with {ibeeditor} mods - versions {2.2.8}
[025月2026 16:10:00.446] [main/DEBUG] [net.minecraftforge.fml.loading.moddiscovery.ModFile/LOADING]: Loading mod file C:\Users\14049\.gradle\caches\forge_gradle\deobf_dependencies\curse\maven\ibe-editor-256822\4994072_mapped_official_1.20.1\ibe-editor-256822-4994072_mapped_official_1.20.1.jar with languages [LanguageSpec[languageName=javafml, acceptedVersions=[46,)]]
[025月2026 16:10:00.446] [main/DEBUG] [net.minecraftforge.fml.loading.moddiscovery.ModFile/LOADING]: Loading mod file  with languages []
[025月2026 16:10:00.448] [main/DEBUG] [cpw.mods.modlauncher.TransformationServiceDecorator/MODLAUNCHER]: End scan trigger - transformation service fml
[025月2026 16:10:00.462] [main/DEBUG] [net.minecraftforge.fml.loading.LanguageLoadingProvider/CORE]: Found 3 language providers
[025月2026 16:10:00.464] [main/DEBUG] [net.minecraftforge.fml.loading.LanguageLoadingProvider/CORE]: Found language provider minecraft, version 1.0
[025月2026 16:10:00.465] [main/DEBUG] [net.minecraftforge.fml.loading.LanguageLoadingProvider/CORE]: Found language provider lowcodefml, version 47
[025月2026 16:10:00.465] [main/DEBUG] [net.minecraftforge.fml.loading.LanguageLoadingProvider/CORE]: Found language provider javafml, version 47
[025月2026 16:10:00.470] [main/DEBUG] [net.minecraftforge.fml.loading.ModSorter/]: Configured system mods: [minecraft, forge]
[025月2026 16:10:00.471] [main/DEBUG] [net.minecraftforge.fml.loading.ModSorter/]: Found system mod: minecraft
[025月2026 16:10:00.471] [main/DEBUG] [net.minecraftforge.fml.loading.ModSorter/]: Found system mod: forge
[025月2026 16:10:00.473] [main/DEBUG] [net.minecraftforge.fml.loading.ModSorter/LOADING]: Found 12 mod requirements (12 mandatory, 0 optional)
[025月2026 16:10:00.474] [main/DEBUG] [net.minecraftforge.fml.loading.ModSorter/LOADING]: Found 0 mod requirements missing (0 mandatory, 0 optional)
[025月2026 16:10:00.966] [main/DEBUG] [net.minecraftforge.fml.loading.MCPNamingService/CORE]: Loaded 33222 method mappings from methods.csv
[025月2026 16:10:01.013] [main/DEBUG] [net.minecraftforge.fml.loading.MCPNamingService/CORE]: Loaded 31003 field mappings from fields.csv
[025月2026 16:10:01.091] [main/DEBUG] [cpw.mods.modlauncher.TransformationServicesHandler/MODLAUNCHER]: Transformation services loading transformers
[025月2026 16:10:01.092] [main/DEBUG] [cpw.mods.modlauncher.TransformationServiceDecorator/MODLAUNCHER]: Initializing transformers for transformation service mixin
[025月2026 16:10:01.093] [main/DEBUG] [cpw.mods.modlauncher.TransformationServiceDecorator/MODLAUNCHER]: Initialized transformers for transformation service mixin
[025月2026 16:10:01.093] [main/DEBUG] [cpw.mods.modlauncher.TransformationServiceDecorator/MODLAUNCHER]: Initializing transformers for transformation service fml
[025月2026 16:10:01.093] [main/DEBUG] [net.minecraftforge.fml.loading.FMLServiceProvider/CORE]: Loading coremod transformers
[025月2026 16:10:01.094] [main/DEBUG] [net.minecraftforge.coremod.CoreModEngine/COREMOD]: Loading CoreMod from coremods/field_to_method.js
[025月2026 16:10:01.311] [main/DEBUG] [net.minecraftforge.coremod.CoreModEngine/COREMOD]: CoreMod loaded successfully
[025月2026 16:10:01.311] [main/DEBUG] [net.minecraftforge.coremod.CoreModEngine/COREMOD]: Loading CoreMod from coremods/field_to_instanceof.js
[025月2026 16:10:01.382] [main/DEBUG] [net.minecraftforge.coremod.CoreModEngine/COREMOD]: CoreMod loaded successfully
[025月2026 16:10:01.382] [main/DEBUG] [net.minecraftforge.coremod.CoreModEngine/COREMOD]: Loading CoreMod from coremods/add_bouncer_method.js
[025月2026 16:10:01.423] [main/DEBUG] [net.minecraftforge.coremod.CoreModEngine/COREMOD]: CoreMod loaded successfully
[025月2026 16:10:01.424] [main/DEBUG] [net.minecraftforge.coremod.CoreModEngine/COREMOD]: Loading CoreMod from coremods/method_redirector.js
[025月2026 16:10:01.480] [main/DEBUG] [net.minecraftforge.coremod.CoreModEngine/COREMOD]: CoreMod loaded successfully
[025月2026 16:10:01.494] [main/DEBUG] [cpw.mods.modlauncher.TransformStore/MODLAUNCHER]: Adding transformer net.minecraftforge.coremod.transformer.CoreModClassTransformer@48df4071 to Target : CLASS {Lnet/minecraft/world/level/biome/Biome;} {} {V}
[025月2026 16:10:01.496] [main/DEBUG] [cpw.mods.modlauncher.TransformStore/MODLAUNCHER]: Adding transformer net.minecraftforge.coremod.transformer.CoreModClassTransformer@7a4d582c to Target : CLASS {Lnet/minecraft/world/level/levelgen/structure/Structure;} {} {V}
[025月2026 16:10:01.496] [main/DEBUG] [cpw.mods.modlauncher.TransformStore/MODLAUNCHER]: Adding transformer net.minecraftforge.coremod.transformer.CoreModClassTransformer@5626d18c to Target : CLASS {Lnet/minecraft/world/effect/MobEffectInstance;} {} {V}
[025月2026 16:10:01.497] [main/DEBUG] [cpw.mods.modlauncher.TransformStore/MODLAUNCHER]: Adding transformer net.minecraftforge.coremod.transformer.CoreModClassTransformer@45e9b12d to Target : CLASS {Lnet/minecraft/world/level/block/LiquidBlock;} {} {V}
[025月2026 16:10:01.497] [main/DEBUG] [cpw.mods.modlauncher.TransformStore/MODLAUNCHER]: Adding transformer net.minecraftforge.coremod.transformer.CoreModClassTransformer@3dc95b8b to Target : CLASS {Lnet/minecraft/world/item/BucketItem;} {} {V}
[025月2026 16:10:01.497] [main/DEBUG] [cpw.mods.modlauncher.TransformStore/MODLAUNCHER]: Adding transformer net.minecraftforge.coremod.transformer.CoreModClassTransformer@2d55e826 to Target : CLASS {Lnet/minecraft/world/level/block/StairBlock;} {} {V}
[025月2026 16:10:01.497] [main/DEBUG] [cpw.mods.modlauncher.TransformStore/MODLAUNCHER]: Adding transformer net.minecraftforge.coremod.transformer.CoreModClassTransformer@4d1ff6b1 to Target : CLASS {Lnet/minecraft/world/level/block/FlowerPotBlock;} {} {V}
[025月2026 16:10:01.497] [main/DEBUG] [cpw.mods.modlauncher.TransformStore/MODLAUNCHER]: Adding transformer net.minecraftforge.coremod.transformer.CoreModClassTransformer@45f756e6 to Target : CLASS {Lnet/minecraft/world/item/ItemStack;} {} {V}
[025月2026 16:10:01.497] [main/DEBUG] [cpw.mods.modlauncher.TransformStore/MODLAUNCHER]: Adding transformer net.minecraftforge.coremod.transformer.CoreModClassTransformer@329548d0 to Target : CLASS {Lnet/minecraft/network/play/client/CClientSettingsPacket;} {} {V}
[025月2026 16:10:01.497] [main/DEBUG] [cpw.mods.modlauncher.TransformStore/MODLAUNCHER]: Adding transformer net.minecraftforge.coremod.transformer.CoreModClassTransformer@3003827c to Target : CLASS {Lnet/minecraft/world/level/levelgen/structure/structures/OceanMonumentPieces$OceanMonumentPiece;} {} {V}
[025月2026 16:10:01.499] [main/DEBUG] [cpw.mods.modlauncher.TransformStore/MODLAUNCHER]: Adding transformer net.minecraftforge.coremod.transformer.CoreModClassTransformer@3003827c to Target : CLASS {Lnet/minecraft/world/level/levelgen/PhantomSpawner;} {} {V}
[025月2026 16:10:01.499] [main/DEBUG] [cpw.mods.modlauncher.TransformStore/MODLAUNCHER]: Adding transformer net.minecraftforge.coremod.transformer.CoreModClassTransformer@3003827c to Target : CLASS {Lnet/minecraft/world/level/levelgen/structure/structures/SwampHutPiece;} {} {V}
[025月2026 16:10:01.499] [main/DEBUG] [cpw.mods.modlauncher.TransformStore/MODLAUNCHER]: Adding transformer net.minecraftforge.coremod.transformer.CoreModClassTransformer@3003827c to Target : CLASS {Lnet/minecraft/world/level/NaturalSpawner;} {} {V}
[025月2026 16:10:01.499] [main/DEBUG] [cpw.mods.modlauncher.TransformStore/MODLAUNCHER]: Adding transformer net.minecraftforge.coremod.transformer.CoreModClassTransformer@3003827c to Target : CLASS {Lnet/minecraft/world/entity/monster/Zombie;} {} {V}
[025月2026 16:10:01.499] [main/DEBUG] [cpw.mods.modlauncher.TransformStore/MODLAUNCHER]: Adding transformer net.minecraftforge.coremod.transformer.CoreModClassTransformer@3003827c to Target : CLASS {Lnet/minecraft/server/commands/SummonCommand;} {} {V}
[025月2026 16:10:01.499] [main/DEBUG] [cpw.mods.modlauncher.TransformStore/MODLAUNCHER]: Adding transformer net.minecraftforge.coremod.transformer.CoreModClassTransformer@3003827c to Target : CLASS {Lnet/minecraft/world/entity/ai/village/VillageSiege;} {} {V}
[025月2026 16:10:01.499] [main/DEBUG] [cpw.mods.modlauncher.TransformStore/MODLAUNCHER]: Adding transformer net.minecraftforge.coremod.transformer.CoreModClassTransformer@3003827c to Target : CLASS {Lnet/minecraft/world/entity/monster/Evoker$EvokerSummonSpellGoal;} {} {V}
[025月2026 16:10:01.500] [main/DEBUG] [cpw.mods.modlauncher.TransformStore/MODLAUNCHER]: Adding transformer net.minecraftforge.coremod.transformer.CoreModClassTransformer@3003827c to Target : CLASS {Lnet/minecraft/world/entity/raid/Raid;} {} {V}
[025月2026 16:10:01.500] [main/DEBUG] [cpw.mods.modlauncher.TransformStore/MODLAUNCHER]: Adding transformer net.minecraftforge.coremod.transformer.CoreModClassTransformer@3003827c to Target : CLASS {Lnet/minecraft/world/level/levelgen/structure/templatesystem/StructureTemplate;} {} {V}
[025月2026 16:10:01.500] [main/DEBUG] [cpw.mods.modlauncher.TransformStore/MODLAUNCHER]: Adding transformer net.minecraftforge.coremod.transformer.CoreModClassTransformer@3003827c to Target : CLASS {Lnet/minecraft/world/entity/monster/Spider;} {} {V}
[025月2026 16:10:01.500] [main/DEBUG] [cpw.mods.modlauncher.TransformStore/MODLAUNCHER]: Adding transformer net.minecraftforge.coremod.transformer.CoreModClassTransformer@3003827c to Target : CLASS {Lnet/minecraft/world/entity/npc/CatSpawner;} {} {V}
[025月2026 16:10:01.500] [main/DEBUG] [cpw.mods.modlauncher.TransformStore/MODLAUNCHER]: Adding transformer net.minecraftforge.coremod.transformer.CoreModClassTransformer@3003827c to Target : CLASS {Lnet/minecraft/world/level/levelgen/PatrolSpawner;} {} {V}
[025月2026 16:10:01.500] [main/DEBUG] [cpw.mods.modlauncher.TransformStore/MODLAUNCHER]: Adding transformer net.minecraftforge.coremod.transformer.CoreModClassTransformer@3003827c to Target : CLASS {Lnet/minecraft/server/commands/RaidCommand;} {} {V}
[025月2026 16:10:01.500] [main/DEBUG] [cpw.mods.modlauncher.TransformStore/MODLAUNCHER]: Adding transformer net.minecraftforge.coremod.transformer.CoreModClassTransformer@3003827c to Target : CLASS {Lnet/minecraft/world/entity/monster/Strider;} {} {V}
[025月2026 16:10:01.500] [main/DEBUG] [cpw.mods.modlauncher.TransformStore/MODLAUNCHER]: Adding transformer net.minecraftforge.coremod.transformer.CoreModClassTransformer@3003827c to Target : CLASS {Lnet/minecraft/world/entity/npc/Villager;} {} {V}
[025月2026 16:10:01.501] [main/DEBUG] [cpw.mods.modlauncher.TransformStore/MODLAUNCHER]: Adding transformer net.minecraftforge.coremod.transformer.CoreModClassTransformer@3003827c to Target : CLASS {Lnet/minecraft/world/level/levelgen/structure/structures/WoodlandMansionPieces$WoodlandMansionPiece;} {} {V}
[025月2026 16:10:01.501] [main/DEBUG] [cpw.mods.modlauncher.TransformStore/MODLAUNCHER]: Adding transformer net.minecraftforge.coremod.transformer.CoreModClassTransformer@3003827c to Target : CLASS {Lnet/minecraft/world/entity/animal/horse/SkeletonTrapGoal;} {} {V}
[025月2026 16:10:01.501] [main/DEBUG] [cpw.mods.modlauncher.TransformStore/MODLAUNCHER]: Adding transformer net.minecraftforge.coremod.transformer.CoreModClassTransformer@3003827c to Target : CLASS {Lnet/minecraft/world/entity/animal/frog/Tadpole;} {} {V}
[025月2026 16:10:01.501] [main/DEBUG] [cpw.mods.modlauncher.TransformStore/MODLAUNCHER]: Adding transformer net.minecraftforge.coremod.transformer.CoreModClassTransformer@3003827c to Target : CLASS {Lnet/minecraft/world/level/levelgen/structure/structures/OceanRuinPieces$OceanRuinPiece;} {} {V}
[025月2026 16:10:01.501] [main/DEBUG] [cpw.mods.modlauncher.TransformStore/MODLAUNCHER]: Adding transformer net.minecraftforge.coremod.transformer.CoreModClassTransformer@3003827c to Target : CLASS {Lnet/minecraft/world/entity/monster/ZombieVillager;} {} {V}
[025月2026 16:10:01.501] [main/DEBUG] [cpw.mods.modlauncher.TransformStore/MODLAUNCHER]: Adding transformer net.minecraftforge.coremod.transformer.CoreModClassTransformer@3003827c to Target : CLASS {Lnet/minecraft/world/entity/EntityType;} {} {V}
[025月2026 16:10:01.501] [main/DEBUG] [cpw.mods.modlauncher.TransformationServiceDecorator/MODLAUNCHER]: Initialized transformers for transformation service fml
[025月2026 16:10:02.314] [main/DEBUG] [mixin/]: Processing prepare() for PlatformAgent[MixinPlatformAgentDefault:ModLauncher Root Container(ModLauncher:4f56a0a2)]
[025月2026 16:10:02.314] [main/DEBUG] [mixin/]: Registering mixin config: mixins.riautomobility.json
[025月2026 16:10:02.332] [main/DEBUG] [mixin/]: Compatibility level JAVA_8 specified by mixins.riautomobility.json is lower than the default level supported by the current mixin service (JAVA_16).
[025月2026 16:10:02.333] [main/DEBUG] [mixin/]: Processing launch tasks for PlatformAgent[MixinPlatformAgentDefault:ModLauncher Root Container(ModLauncher:4f56a0a2)]
[025月2026 16:10:02.333] [main/DEBUG] [mixin/]: Adding mixin platform agents for container SecureJarResource(minecraft)
[025月2026 16:10:02.333] [main/DEBUG] [mixin/]: Instancing new MixinPlatformAgentMinecraftForge for SecureJarResource(minecraft)
[025月2026 16:10:02.333] [main/DEBUG] [mixin/]: MixinPlatformAgentMinecraftForge rejected container SecureJarResource(minecraft)
[025月2026 16:10:02.333] [main/DEBUG] [mixin/]: Instancing new MixinPlatformAgentDefault for SecureJarResource(minecraft)
[025月2026 16:10:02.333] [main/DEBUG] [mixin/]: MixinPlatformAgentDefault accepted container SecureJarResource(minecraft)
[025月2026 16:10:02.333] [main/DEBUG] [mixin/]: Processing prepare() for PlatformAgent[MixinPlatformAgentDefault:SecureJarResource(minecraft)]
[025月2026 16:10:02.334] [main/DEBUG] [mixin/]: Adding mixin platform agents for container SecureJarResource(riautomobility)
[025月2026 16:10:02.334] [main/DEBUG] [mixin/]: Instancing new MixinPlatformAgentMinecraftForge for SecureJarResource(riautomobility)
[025月2026 16:10:02.334] [main/DEBUG] [mixin/]: MixinPlatformAgentMinecraftForge rejected container SecureJarResource(riautomobility)
[025月2026 16:10:02.334] [main/DEBUG] [mixin/]: Instancing new MixinPlatformAgentDefault for SecureJarResource(riautomobility)
[025月2026 16:10:02.334] [main/DEBUG] [mixin/]: MixinPlatformAgentDefault accepted container SecureJarResource(riautomobility)
[025月2026 16:10:02.334] [main/DEBUG] [mixin/]: Processing prepare() for PlatformAgent[MixinPlatformAgentDefault:SecureJarResource(riautomobility)]
[025月2026 16:10:02.334] [main/DEBUG] [mixin/]: Adding mixin platform agents for container SecureJarResource(forge)
[025月2026 16:10:02.334] [main/DEBUG] [mixin/]: Instancing new MixinPlatformAgentMinecraftForge for SecureJarResource(forge)
[025月2026 16:10:02.334] [main/DEBUG] [mixin/]: MixinPlatformAgentMinecraftForge rejected container SecureJarResource(forge)
[025月2026 16:10:02.334] [main/DEBUG] [mixin/]: Instancing new MixinPlatformAgentDefault for SecureJarResource(forge)
[025月2026 16:10:02.335] [main/DEBUG] [mixin/]: MixinPlatformAgentDefault accepted container SecureJarResource(forge)
[025月2026 16:10:02.335] [main/DEBUG] [mixin/]: Processing prepare() for PlatformAgent[MixinPlatformAgentDefault:SecureJarResource(forge)]
[025月2026 16:10:02.335] [main/DEBUG] [mixin/]: Adding mixin platform agents for container SecureJarResource(jade)
[025月2026 16:10:02.335] [main/DEBUG] [mixin/]: Instancing new MixinPlatformAgentMinecraftForge for SecureJarResource(jade)
[025月2026 16:10:02.335] [main/DEBUG] [mixin/]: MixinPlatformAgentMinecraftForge rejected container SecureJarResource(jade)
[025月2026 16:10:02.335] [main/DEBUG] [mixin/]: Instancing new MixinPlatformAgentDefault for SecureJarResource(jade)
[025月2026 16:10:02.335] [main/DEBUG] [mixin/]: MixinPlatformAgentDefault accepted container SecureJarResource(jade)
[025月2026 16:10:02.335] [main/DEBUG] [mixin/]: Processing prepare() for PlatformAgent[MixinPlatformAgentDefault:SecureJarResource(jade)]
[025月2026 16:10:02.335] [main/DEBUG] [mixin/]: Registering mixin config: jade.mixins.json
[025月2026 16:10:02.337] [main/DEBUG] [mixin/]: Adding mixin platform agents for container SecureJarResource(geckolib)
[025月2026 16:10:02.337] [main/DEBUG] [mixin/]: Instancing new MixinPlatformAgentMinecraftForge for SecureJarResource(geckolib)
[025月2026 16:10:02.337] [main/DEBUG] [mixin/]: MixinPlatformAgentMinecraftForge rejected container SecureJarResource(geckolib)
[025月2026 16:10:02.338] [main/DEBUG] [mixin/]: Instancing new MixinPlatformAgentDefault for SecureJarResource(geckolib)
[025月2026 16:10:02.338] [main/DEBUG] [mixin/]: MixinPlatformAgentDefault accepted container SecureJarResource(geckolib)
[025月2026 16:10:02.338] [main/DEBUG] [mixin/]: Processing prepare() for PlatformAgent[MixinPlatformAgentDefault:SecureJarResource(geckolib)]
[025月2026 16:10:02.338] [main/DEBUG] [mixin/]: Registering mixin config: geckolib.mixins.json
[025月2026 16:10:02.340] [main/DEBUG] [mixin/]: Compatibility level JAVA_17 specified by geckolib.mixins.json is higher than the maximum level supported by this version of mixin (JAVA_13).
[025月2026 16:10:02.343] [main/INFO] [mixin/]: Compatibility level set to JAVA_17
[025月2026 16:10:02.344] [main/DEBUG] [mixin/]: Adding mixin platform agents for container SecureJarResource(automobility)
[025月2026 16:10:02.344] [main/DEBUG] [mixin/]: Instancing new MixinPlatformAgentMinecraftForge for SecureJarResource(automobility)
[025月2026 16:10:02.344] [main/DEBUG] [mixin/]: MixinPlatformAgentMinecraftForge rejected container SecureJarResource(automobility)
[025月2026 16:10:02.344] [main/DEBUG] [mixin/]: Instancing new MixinPlatformAgentDefault for SecureJarResource(automobility)
[025月2026 16:10:02.344] [main/DEBUG] [mixin/]: MixinPlatformAgentDefault accepted container SecureJarResource(automobility)
[025月2026 16:10:02.344] [main/DEBUG] [mixin/]: Processing prepare() for PlatformAgent[MixinPlatformAgentDefault:SecureJarResource(automobility)]
[025月2026 16:10:02.344] [main/DEBUG] [mixin/]: Registering mixin config: automobility.mixins.json
[025月2026 16:10:02.347] [main/DEBUG] [mixin/]: Registering mixin config: automobility_forge.mixins.json
[025月2026 16:10:02.349] [main/DEBUG] [mixin/]: Adding mixin platform agents for container SecureJarResource(jei)
[025月2026 16:10:02.350] [main/DEBUG] [mixin/]: Instancing new MixinPlatformAgentMinecraftForge for SecureJarResource(jei)
[025月2026 16:10:02.350] [main/DEBUG] [mixin/]: MixinPlatformAgentMinecraftForge rejected container SecureJarResource(jei)
[025月2026 16:10:02.350] [main/DEBUG] [mixin/]: Instancing new MixinPlatformAgentDefault for SecureJarResource(jei)
[025月2026 16:10:02.350] [main/DEBUG] [mixin/]: MixinPlatformAgentDefault accepted container SecureJarResource(jei)
[025月2026 16:10:02.350] [main/DEBUG] [mixin/]: Processing prepare() for PlatformAgent[MixinPlatformAgentDefault:SecureJarResource(jei)]
[025月2026 16:10:02.350] [main/DEBUG] [mixin/]: Adding mixin platform agents for container SecureJarResource(ibeeditor)
[025月2026 16:10:02.350] [main/DEBUG] [mixin/]: Instancing new MixinPlatformAgentMinecraftForge for SecureJarResource(ibeeditor)
[025月2026 16:10:02.350] [main/DEBUG] [mixin/]: MixinPlatformAgentMinecraftForge rejected container SecureJarResource(ibeeditor)
[025月2026 16:10:02.350] [main/DEBUG] [mixin/]: Instancing new MixinPlatformAgentDefault for SecureJarResource(ibeeditor)
[025月2026 16:10:02.351] [main/DEBUG] [mixin/]: MixinPlatformAgentDefault accepted container SecureJarResource(ibeeditor)
[025月2026 16:10:02.351] [main/DEBUG] [mixin/]: Processing prepare() for PlatformAgent[MixinPlatformAgentDefault:SecureJarResource(ibeeditor)]
[025月2026 16:10:02.351] [main/DEBUG] [mixin/]: Registering mixin config: ibeeditor-common.mixins.json
[025月2026 16:10:02.353] [main/DEBUG] [mixin/]: Adding mixin platform agents for container SecureJarResource(mclib)
[025月2026 16:10:02.353] [main/DEBUG] [mixin/]: Instancing new MixinPlatformAgentMinecraftForge for SecureJarResource(mclib)
[025月2026 16:10:02.353] [main/DEBUG] [mixin/]: MixinPlatformAgentMinecraftForge rejected container SecureJarResource(mclib)
[025月2026 16:10:02.353] [main/DEBUG] [mixin/]: Instancing new MixinPlatformAgentDefault for SecureJarResource(mclib)
[025月2026 16:10:02.353] [main/DEBUG] [mixin/]: MixinPlatformAgentDefault accepted container SecureJarResource(mclib)
[025月2026 16:10:02.353] [main/DEBUG] [mixin/]: Processing prepare() for PlatformAgent[MixinPlatformAgentDefault:SecureJarResource(mclib)]
[025月2026 16:10:02.353] [main/DEBUG] [mixin/]: inject() running with 10 agents
[025月2026 16:10:02.353] [main/DEBUG] [mixin/]: Processing inject() for PlatformAgent[MixinPlatformAgentDefault:ModLauncher Root Container(ModLauncher:4f56a0a2)]
[025月2026 16:10:02.353] [main/DEBUG] [mixin/]: Processing inject() for PlatformAgent[MixinPlatformAgentDefault:SecureJarResource(minecraft)]
[025月2026 16:10:02.354] [main/DEBUG] [mixin/]: Processing inject() for PlatformAgent[MixinPlatformAgentDefault:SecureJarResource(riautomobility)]
[025月2026 16:10:02.354] [main/DEBUG] [mixin/]: Processing inject() for PlatformAgent[MixinPlatformAgentDefault:SecureJarResource(forge)]
[025月2026 16:10:02.354] [main/DEBUG] [mixin/]: Processing inject() for PlatformAgent[MixinPlatformAgentDefault:SecureJarResource(jade)]
[025月2026 16:10:02.354] [main/DEBUG] [mixin/]: Processing inject() for PlatformAgent[MixinPlatformAgentDefault:SecureJarResource(geckolib)]
[025月2026 16:10:02.354] [main/DEBUG] [mixin/]: Processing inject() for PlatformAgent[MixinPlatformAgentDefault:SecureJarResource(automobility)]
[025月2026 16:10:02.354] [main/DEBUG] [mixin/]: Processing inject() for PlatformAgent[MixinPlatformAgentDefault:SecureJarResource(jei)]
[025月2026 16:10:02.354] [main/DEBUG] [mixin/]: Processing inject() for PlatformAgent[MixinPlatformAgentDefault:SecureJarResource(ibeeditor)]
[025月2026 16:10:02.354] [main/DEBUG] [mixin/]: Processing inject() for PlatformAgent[MixinPlatformAgentDefault:SecureJarResource(mclib)]
[025月2026 16:10:02.354] [main/INFO] [cpw.mods.modlauncher.LaunchServiceHandler/MODLAUNCHER]: Launching target 'forgedatauserdev' with arguments [--gameDir, ., --assetsDir, C:\Users\14049\.gradle\caches\forge_gradle\assets, --assetIndex, 5, --mod, riautomobility, --all, --output, D:\Game\Minecraft Mod\Forge\RIAutomobility\src\generated\resources, --existing, D:\Game\Minecraft Mod\Forge\RIAutomobility\src\main\resources]
[025月2026 16:10:02.472] [main/DEBUG] [mixin/]: Error cleaning class output directory: .mixin.out
[025月2026 16:10:02.474] [main/DEBUG] [mixin/]: Preparing mixins for MixinEnvironment[DEFAULT]
[025月2026 16:10:02.474] [main/DEBUG] [mixin/]: Selecting config mixins.riautomobility.json
[025月2026 16:10:02.477] [main/WARN] [mixin/]: Reference map 'mixins.riautomobility.refmap.json' for mixins.riautomobility.json could not be read. If this is a development environment you can ignore this message
[025月2026 16:10:02.478] [main/DEBUG] [mixin/]: Selecting config jade.mixins.json
[025月2026 16:10:02.750] [main/INFO] [mixin/]: Remapping refMap jade.refmap.json using D:\Game\Minecraft Mod\Forge\RIAutomobility\build\createSrgToMcp\output.srg
[025月2026 16:10:02.750] [main/DEBUG] [mixin/]: Selecting config geckolib.mixins.json
[025月2026 16:10:02.752] [main/INFO] [mixin/]: Remapping refMap geckolib.refmap.json using D:\Game\Minecraft Mod\Forge\RIAutomobility\build\createSrgToMcp\output.srg
[025月2026 16:10:02.752] [main/DEBUG] [mixin/]: Selecting config automobility.mixins.json
[025月2026 16:10:02.754] [main/INFO] [mixin/]: Remapping refMap automobility-refmap.json using D:\Game\Minecraft Mod\Forge\RIAutomobility\build\createSrgToMcp\output.srg
[025月2026 16:10:02.754] [main/DEBUG] [mixin/]: Selecting config automobility_forge.mixins.json
[025月2026 16:10:02.756] [main/INFO] [mixin/]: Remapping refMap automobility-refmap.json using D:\Game\Minecraft Mod\Forge\RIAutomobility\build\createSrgToMcp\output.srg
[025月2026 16:10:02.756] [main/DEBUG] [mixin/]: Selecting config ibeeditor-common.mixins.json
[025月2026 16:10:02.758] [main/INFO] [mixin/]: Remapping refMap IBEEditor-1.20-common-refmap.json using D:\Game\Minecraft Mod\Forge\RIAutomobility\build\createSrgToMcp\output.srg
[025月2026 16:10:02.758] [main/DEBUG] [mixin/]: Preparing mixins.riautomobility.json (21)
[025月2026 16:10:02.876] [main/DEBUG] [mixin/]: Preparing jade.mixins.json (2)
[025月2026 16:10:02.880] [main/DEBUG] [mixin/]: Preparing geckolib.mixins.json (1)
[025月2026 16:10:02.883] [main/DEBUG] [mixin/]: Preparing automobility.mixins.json (10)
[025月2026 16:10:02.911] [main/DEBUG] [mixin/]: Preparing automobility_forge.mixins.json (9)
[025月2026 16:10:02.926] [main/DEBUG] [mixin/]: Preparing ibeeditor-common.mixins.json (7)
[025月2026 16:10:02.963] [main/DEBUG] [mixin/]: Registering new injector for @Inject with org.spongepowered.asm.mixin.injection.struct.CallbackInjectionInfo
[025月2026 16:10:02.965] [main/DEBUG] [mixin/]: Registering new injector for @ModifyArg with org.spongepowered.asm.mixin.injection.struct.ModifyArgInjectionInfo
[025月2026 16:10:02.967] [main/DEBUG] [mixin/]: Registering new injector for @ModifyArgs with org.spongepowered.asm.mixin.injection.struct.ModifyArgsInjectionInfo
[025月2026 16:10:02.969] [main/DEBUG] [mixin/]: Registering new injector for @Redirect with org.spongepowered.asm.mixin.injection.struct.RedirectInjectionInfo
[025月2026 16:10:02.970] [main/DEBUG] [mixin/]: Registering new injector for @ModifyVariable with org.spongepowered.asm.mixin.injection.struct.ModifyVariableInjectionInfo
[025月2026 16:10:02.971] [main/DEBUG] [mixin/]: Registering new injector for @ModifyConstant with org.spongepowered.asm.mixin.injection.struct.ModifyConstantInjectionInfo
[025月2026 16:10:02.996] [main/DEBUG] [mixin/]: Prepared 50 mixins in 0.520 sec (10.4ms avg) (0ms load, 0ms transform, 0ms plugin)
[025月2026 16:10:03.159] [main/DEBUG] [io.netty.util.internal.logging.InternalLoggerFactory/]: Using SLF4J as the default logging framework
[025月2026 16:10:03.162] [main/DEBUG] [io.netty.util.ResourceLeakDetector/]: -Dio.netty.leakDetection.level: simple
[025月2026 16:10:03.162] [main/DEBUG] [io.netty.util.ResourceLeakDetector/]: -Dio.netty.leakDetection.targetRecords: 4
[025月2026 16:10:03.312] [main/INFO] [net.minecraftforge.data.loading.DatagenModLoader/]: Initializing Data Gatherer for mods [riautomobility]
[025月2026 16:10:03.453] [main/DEBUG] [mixin/]: Mixing EntityMixin from mixins.riautomobility.json into net.minecraft.world.entity.Entity
[025月2026 16:10:03.457] [main/DEBUG] [mixin/]: mixins.riautomobility.json:EntityMixin: Class version 61 required is higher than the class version supported by the current version of Mixin (JAVA_8 supports class version 52)
[025月2026 16:10:03.496] [main/DEBUG] [mixin/]: Mixing EntityMixin from automobility.mixins.json into net.minecraft.world.entity.Entity
[025月2026 16:10:03.740] [main/DEBUG] [net.minecraftforge.coremod.transformer.CoreModBaseTransformer/COREMOD]: Transforming net/minecraft/world/entity/EntityType
[025月2026 16:10:04.198] [main/DEBUG] [net.minecraftforge.coremod.transformer.CoreModBaseTransformer/COREMOD]: Transforming net/minecraft/world/level/block/LiquidBlock
[025月2026 16:10:04.247] [main/DEBUG] [net.minecraftforge.coremod.transformer.CoreModBaseTransformer/COREMOD]: Transforming net/minecraft/world/level/block/StairBlock
[025月2026 16:10:04.343] [main/DEBUG] [net.minecraftforge.coremod.transformer.CoreModBaseTransformer/COREMOD]: Transforming net/minecraft/world/level/block/FlowerPotBlock
[025月2026 16:10:04.968] [main/DEBUG] [mixin/]: Mixing AbstractContainerMenuMixin from automobility.mixins.json into net.minecraft.world.inventory.AbstractContainerMenu
[025月2026 16:10:04.969] [main/DEBUG] [mixin/]: Renaming synthetic method lambda$automobility$spoofAutomobileAttachmentScreens$0(Lnet/minecraft/world/entity/player/Player;Lnet/minecraft/world/level/Level;Lnet/minecraft/core/BlockPos;)Ljava/lang/Boolean; to md034bc1$lambda$automobility$spoofAutomobileAttachmentScreens$0$0 in automobility.mixins.json:AbstractContainerMenuMixin
[025月2026 16:10:05.109] [main/DEBUG] [mixin/]: Mixing AABBMixin from automobility.mixins.json into net.minecraft.world.phys.AABB
[025月2026 16:10:05.237] [main/DEBUG] [net.minecraftforge.coremod.transformer.CoreModBaseTransformer/COREMOD]: Transforming net/minecraft/world/item/ItemStack
[025月2026 16:10:05.334] [main/DEBUG] [mixin/]: Mixing ItemCombinerMenuMixin from automobility.mixins.json into net.minecraft.world.inventory.ItemCombinerMenu
[025月2026 16:10:05.335] [main/DEBUG] [mixin/]: Renaming synthetic method lambda$automobility$allowSmithingMenuAutomobileSpoof$0(Lnet/minecraft/world/entity/player/Player;Lnet/minecraft/world/level/Level;Lnet/minecraft/core/BlockPos;)Ljava/lang/Boolean; to md034bc1$lambda$automobility$allowSmithingMenuAutomobileSpoof$0$0 in automobility.mixins.json:ItemCombinerMenuMixin
[025月2026 16:10:05.857] [main/DEBUG] [net.minecraftforge.coremod.transformer.CoreModBaseTransformer/COREMOD]: Transforming net/minecraft/world/entity/animal/frog/Tadpole
[025月2026 16:10:05.898] [main/DEBUG] [mixin/]: Mixing ShovelItemAccess from automobility.mixins.json into net.minecraft.world.item.ShovelItem
[025月2026 16:10:05.902] [main/DEBUG] [mixin/]: Renaming @Accessor method getFlattenables()Ljava/util/Map; to getFlattenables_$md$034bc1$0 in automobility.mixins.json:ShovelItemAccess
[025月2026 16:10:05.924] [main/DEBUG] [net.minecraftforge.coremod.transformer.CoreModBaseTransformer/COREMOD]: Transforming net/minecraft/world/item/BucketItem
[025月2026 16:10:06.292] [main/DEBUG] [mixin/]: Mixing CompoundTagMixin from ibeeditor-common.mixins.json into net.minecraft.nbt.CompoundTag
[025月2026 16:10:06.752] [main/DEBUG] [net.minecraftforge.coremod.transformer.CoreModBaseTransformer/COREMOD]: Transforming net/minecraft/world/entity/monster/Spider
[025月2026 16:10:06.837] [main/DEBUG] [net.minecraftforge.coremod.transformer.CoreModBaseTransformer/COREMOD]: Transforming net/minecraft/world/entity/monster/Zombie
[025月2026 16:10:06.885] [main/DEBUG] [net.minecraftforge.coremod.transformer.CoreModBaseTransformer/COREMOD]: Transforming net/minecraft/world/entity/monster/ZombieVillager
[025月2026 16:10:06.946] [main/DEBUG] [net.minecraftforge.coremod.transformer.CoreModBaseTransformer/COREMOD]: Transforming net/minecraft/world/entity/monster/Evoker$EvokerSummonSpellGoal
[025月2026 16:10:07.126] [main/DEBUG] [net.minecraftforge.coremod.transformer.CoreModBaseTransformer/COREMOD]: Transforming net/minecraft/world/entity/animal/horse/SkeletonTrapGoal
[025月2026 16:10:07.147] [main/DEBUG] [net.minecraftforge.coremod.transformer.CoreModBaseTransformer/COREMOD]: Transforming net/minecraft/world/entity/monster/Strider
[025月2026 16:10:07.300] [main/DEBUG] [net.minecraftforge.coremod.transformer.CoreModBaseTransformer/COREMOD]: Transforming net/minecraft/world/entity/npc/Villager
[025月2026 16:10:07.437] [main/DEBUG] [net.minecraftforge.coremod.transformer.CoreModBaseTransformer/COREMOD]: Transforming net/minecraft/world/effect/MobEffectInstance
[025月2026 16:10:07.476] [main/DEBUG] [mixin/]: Mixing ServerGamePacketListenerImplMixin from automobility.mixins.json into net.minecraft.server.network.ServerGamePacketListenerImpl
[025月2026 16:10:08.083] [main/DEBUG] [net.minecraftforge.coremod.transformer.CoreModBaseTransformer/COREMOD]: Transforming net/minecraft/world/level/levelgen/structure/Structure
[025月2026 16:10:08.131] [main/DEBUG] [net.minecraftforge.coremod.transformer.CoreModBaseTransformer/COREMOD]: Transforming net/minecraft/world/level/levelgen/structure/structures/OceanRuinPieces$OceanRuinPiece
[025月2026 16:10:08.143] [main/DEBUG] [net.minecraftforge.coremod.transformer.CoreModBaseTransformer/COREMOD]: Transforming net/minecraft/world/level/levelgen/structure/structures/SwampHutPiece
[025月2026 16:10:08.152] [main/DEBUG] [net.minecraftforge.coremod.transformer.CoreModBaseTransformer/COREMOD]: Transforming net/minecraft/world/level/levelgen/structure/structures/OceanMonumentPieces$OceanMonumentPiece
[025月2026 16:10:08.169] [main/DEBUG] [net.minecraftforge.coremod.transformer.CoreModBaseTransformer/COREMOD]: Transforming net/minecraft/world/level/levelgen/structure/structures/WoodlandMansionPieces$WoodlandMansionPiece
[025月2026 16:10:08.289] [main/DEBUG] [net.minecraftforge.coremod.transformer.CoreModBaseTransformer/COREMOD]: Transforming net/minecraft/world/level/biome/Biome
[025月2026 16:10:08.490] [main/DEBUG] [net.minecraftforge.registries.GameData/REGISTRIES]: Creating vanilla freeze snapshot
[025月2026 16:10:08.492] [main/DEBUG] [net.minecraftforge.registries.ForgeRegistry/REGISTRIES]: Registry minecraft:block Sync: VANILLA -> ACTIVE
[025月2026 16:10:08.503] [main/DEBUG] [net.minecraftforge.registries.ForgeRegistry/REGISTRIES]: Registry minecraft:fluid Sync: VANILLA -> ACTIVE
[025月2026 16:10:08.503] [main/DEBUG] [net.minecraftforge.registries.ForgeRegistry/REGISTRIES]: Registry minecraft:item Sync: VANILLA -> ACTIVE
[025月2026 16:10:08.513] [main/DEBUG] [net.minecraftforge.registries.ForgeRegistry/REGISTRIES]: Registry minecraft:mob_effect Sync: VANILLA -> ACTIVE
[025月2026 16:10:08.514] [main/DEBUG] [net.minecraftforge.registries.ForgeRegistry/REGISTRIES]: Registry minecraft:sound_event Sync: VANILLA -> ACTIVE
[025月2026 16:10:08.524] [main/DEBUG] [net.minecraftforge.registries.ForgeRegistry/REGISTRIES]: Registry minecraft:potion Sync: VANILLA -> ACTIVE
[025月2026 16:10:08.525] [main/DEBUG] [net.minecraftforge.registries.ForgeRegistry/REGISTRIES]: Registry minecraft:enchantment Sync: VANILLA -> ACTIVE
[025月2026 16:10:08.525] [main/DEBUG] [net.minecraftforge.registries.ForgeRegistry/REGISTRIES]: Registry minecraft:entity_type Sync: VANILLA -> ACTIVE
[025月2026 16:10:08.526] [main/DEBUG] [net.minecraftforge.registries.ForgeRegistry/REGISTRIES]: Registry minecraft:block_entity_type Sync: VANILLA -> ACTIVE
[025月2026 16:10:08.526] [main/DEBUG] [net.minecraftforge.registries.ForgeRegistry/REGISTRIES]: Registry minecraft:particle_type Sync: VANILLA -> ACTIVE
[025月2026 16:10:08.527] [main/DEBUG] [net.minecraftforge.registries.ForgeRegistry/REGISTRIES]: Registry minecraft:menu Sync: VANILLA -> ACTIVE
[025月2026 16:10:08.527] [main/DEBUG] [net.minecraftforge.registries.ForgeRegistry/REGISTRIES]: Registry minecraft:painting_variant Sync: VANILLA -> ACTIVE
[025月2026 16:10:08.527] [main/DEBUG] [net.minecraftforge.registries.ForgeRegistry/REGISTRIES]: Registry minecraft:recipe_type Sync: VANILLA -> ACTIVE
[025月2026 16:10:08.527] [main/DEBUG] [net.minecraftforge.registries.ForgeRegistry/REGISTRIES]: Registry minecraft:recipe_serializer Sync: VANILLA -> ACTIVE
[025月2026 16:10:08.528] [main/DEBUG] [net.minecraftforge.registries.ForgeRegistry/REGISTRIES]: Registry minecraft:attribute Sync: VANILLA -> ACTIVE
[025月2026 16:10:08.528] [main/DEBUG] [net.minecraftforge.registries.ForgeRegistry/REGISTRIES]: Registry minecraft:stat_type Sync: VANILLA -> ACTIVE
[025月2026 16:10:08.528] [main/DEBUG] [net.minecraftforge.registries.ForgeRegistry/REGISTRIES]: Registry minecraft:command_argument_type Sync: VANILLA -> ACTIVE
[025月2026 16:10:08.528] [main/DEBUG] [net.minecraftforge.registries.ForgeRegistry/REGISTRIES]: Registry minecraft:villager_profession Sync: VANILLA -> ACTIVE
[025月2026 16:10:08.529] [main/DEBUG] [net.minecraftforge.registries.ForgeRegistry/REGISTRIES]: Registry minecraft:point_of_interest_type Sync: VANILLA -> ACTIVE
[025月2026 16:10:08.531] [main/DEBUG] [net.minecraftforge.registries.ForgeRegistry/REGISTRIES]: Registry minecraft:memory_module_type Sync: VANILLA -> ACTIVE
[025月2026 16:10:08.532] [main/DEBUG] [net.minecraftforge.registries.ForgeRegistry/REGISTRIES]: Registry minecraft:sensor_type Sync: VANILLA -> ACTIVE
[025月2026 16:10:08.532] [main/DEBUG] [net.minecraftforge.registries.ForgeRegistry/REGISTRIES]: Registry minecraft:schedule Sync: VANILLA -> ACTIVE
[025月2026 16:10:08.532] [main/DEBUG] [net.minecraftforge.registries.ForgeRegistry/REGISTRIES]: Registry minecraft:activity Sync: VANILLA -> ACTIVE
[025月2026 16:10:08.532] [main/DEBUG] [net.minecraftforge.registries.ForgeRegistry/REGISTRIES]: Registry minecraft:worldgen/carver Sync: VANILLA -> ACTIVE
[025月2026 16:10:08.532] [main/DEBUG] [net.minecraftforge.registries.ForgeRegistry/REGISTRIES]: Registry minecraft:worldgen/feature Sync: VANILLA -> ACTIVE
[025月2026 16:10:08.533] [main/DEBUG] [net.minecraftforge.registries.ForgeRegistry/REGISTRIES]: Registry minecraft:chunk_status Sync: VANILLA -> ACTIVE
[025月2026 16:10:08.533] [main/DEBUG] [net.minecraftforge.registries.ForgeRegistry/REGISTRIES]: Registry minecraft:worldgen/block_state_provider_type Sync: VANILLA -> ACTIVE
[025月2026 16:10:08.533] [main/DEBUG] [net.minecraftforge.registries.ForgeRegistry/REGISTRIES]: Registry minecraft:worldgen/foliage_placer_type Sync: VANILLA -> ACTIVE
[025月2026 16:10:08.533] [main/DEBUG] [net.minecraftforge.registries.ForgeRegistry/REGISTRIES]: Registry minecraft:worldgen/tree_decorator_type Sync: VANILLA -> ACTIVE
[025月2026 16:10:08.534] [main/DEBUG] [net.minecraftforge.registries.ForgeRegistry/REGISTRIES]: Registry minecraft:worldgen/biome Sync: VANILLA -> ACTIVE
[025月2026 16:10:08.544] [main/DEBUG] [net.minecraftforge.registries.GameData/REGISTRIES]: Vanilla freeze snapshot created
[025月2026 16:10:08.565] [main/DEBUG] [net.minecraftforge.fml.ModWorkManager/LOADING]: Using 12 threads for parallel mod-loading
[025月2026 16:10:08.570] [main/DEBUG] [net.minecraftforge.fml.javafmlmod.FMLJavaModLanguageProvider/LOADING]: Loading FMLModContainer from classloader cpw.mods.modlauncher.TransformingClassLoader@1db7157f - got cpw.mods.cl.ModuleClassLoader@4c9e38
[025月2026 16:10:08.571] [main/DEBUG] [net.minecraftforge.fml.javafmlmod.FMLModContainer/LOADING]: Creating FMLModContainer instance for com.sshakusora.riautomobility.RIAutomobility
[025月2026 16:10:08.576] [main/DEBUG] [net.minecraftforge.fml.javafmlmod.FMLJavaModLanguageProvider/LOADING]: Loading FMLModContainer from classloader cpw.mods.modlauncher.TransformingClassLoader@1db7157f - got cpw.mods.cl.ModuleClassLoader@4c9e38
[025月2026 16:10:08.576] [main/DEBUG] [net.minecraftforge.fml.javafmlmod.FMLModContainer/LOADING]: Creating FMLModContainer instance for net.minecraftforge.common.ForgeMod
[025月2026 16:10:08.578] [main/DEBUG] [net.minecraftforge.fml.javafmlmod.FMLJavaModLanguageProvider/LOADING]: Loading FMLModContainer from classloader cpw.mods.modlauncher.TransformingClassLoader@1db7157f - got cpw.mods.cl.ModuleClassLoader@4c9e38
[025月2026 16:10:08.578] [main/DEBUG] [net.minecraftforge.fml.javafmlmod.FMLModContainer/LOADING]: Creating FMLModContainer instance for snownee.jade.util.CommonProxy
[025月2026 16:10:08.580] [main/DEBUG] [net.minecraftforge.fml.javafmlmod.FMLJavaModLanguageProvider/LOADING]: Loading FMLModContainer from classloader cpw.mods.modlauncher.TransformingClassLoader@1db7157f - got cpw.mods.cl.ModuleClassLoader@4c9e38
[025月2026 16:10:08.581] [main/DEBUG] [net.minecraftforge.fml.javafmlmod.FMLModContainer/LOADING]: Creating FMLModContainer instance for software.bernie.example.GeckoLibMod
[025月2026 16:10:08.581] [main/DEBUG] [net.minecraftforge.fml.javafmlmod.FMLJavaModLanguageProvider/LOADING]: Loading FMLModContainer from classloader cpw.mods.modlauncher.TransformingClassLoader@1db7157f - got cpw.mods.cl.ModuleClassLoader@4c9e38
[025月2026 16:10:08.581] [main/DEBUG] [net.minecraftforge.fml.javafmlmod.FMLModContainer/LOADING]: Creating FMLModContainer instance for io.github.foundationgames.automobility.forge.AutomobilityForge
[025月2026 16:10:08.582] [main/DEBUG] [net.minecraftforge.fml.javafmlmod.FMLJavaModLanguageProvider/LOADING]: Loading FMLModContainer from classloader cpw.mods.modlauncher.TransformingClassLoader@1db7157f - got cpw.mods.cl.ModuleClassLoader@4c9e38
[025月2026 16:10:08.582] [main/DEBUG] [net.minecraftforge.fml.javafmlmod.FMLModContainer/LOADING]: Creating FMLModContainer instance for com.github.franckyi.ibeeditor.forge.ForgeIBEEditorMod
[025月2026 16:10:08.583] [main/DEBUG] [net.minecraftforge.fml.javafmlmod.FMLJavaModLanguageProvider/LOADING]: Loading FMLModContainer from classloader cpw.mods.modlauncher.TransformingClassLoader@1db7157f - got cpw.mods.cl.ModuleClassLoader@4c9e38
[025月2026 16:10:08.583] [main/DEBUG] [net.minecraftforge.fml.javafmlmod.FMLModContainer/LOADING]: Creating FMLModContainer instance for mezz.jei.forge.JustEnoughItems
[025月2026 16:10:08.598] [modloading-worker-0/INFO] [com.github.franckyi.ibeeditor.common.CommonInit/]: Initializing IBE Editor - common
[025月2026 16:10:08.615] [modloading-worker-0/DEBUG] [net.minecraftforge.versions.forge.ForgeVersion/CORE]: Forge Version package package net.minecraftforge.versions.forge, Forge, version 47.1 from cpw.mods.modlauncher.TransformingClassLoader@1db7157f
[025月2026 16:10:08.616] [modloading-worker-0/DEBUG] [net.minecraftforge.versions.forge.ForgeVersion/CORE]: Found Forge version 47.1.3
[025月2026 16:10:08.616] [modloading-worker-0/DEBUG] [net.minecraftforge.versions.forge.ForgeVersion/CORE]: Found Forge spec 47.1
[025月2026 16:10:08.616] [modloading-worker-0/DEBUG] [net.minecraftforge.versions.forge.ForgeVersion/CORE]: Found Forge group net.minecraftforge
[025月2026 16:10:08.617] [modloading-worker-0/DEBUG] [net.minecraftforge.versions.mcp.MCPVersion/CORE]: MCP Version package package net.minecraftforge.versions.mcp, Minecraft, version 1.20.1 from cpw.mods.modlauncher.TransformingClassLoader@1db7157f
[025月2026 16:10:08.617] [modloading-worker-0/DEBUG] [net.minecraftforge.versions.mcp.MCPVersion/CORE]: Found MC version information 1.20.1
[025月2026 16:10:08.624] [modloading-worker-0/DEBUG] [net.minecraftforge.versions.mcp.MCPVersion/CORE]: Found MCP version information 20230612.114412
[025月2026 16:10:08.624] [modloading-worker-0/INFO] [net.minecraftforge.common.ForgeMod/FORGEMOD]: Forge mod loading, version 47.1.3, for MC 1.20.1 with MCP 20230612.114412
[025月2026 16:10:08.626] [modloading-worker-0/DEBUG] [mixin/]: Mixing accessor.SimpleMapContentRegistryAccessor from mixins.riautomobility.json into io.github.foundationgames.automobility.util.SimpleMapContentRegistry
[025月2026 16:10:08.627] [modloading-worker-0/DEBUG] [mixin/]: mixins.riautomobility.json:accessor.SimpleMapContentRegistryAccessor: Class version 61 required is higher than the class version supported by the current version of Mixin (JAVA_8 supports class version 52)
[025月2026 16:10:08.628] [modloading-worker-0/INFO] [net.minecraftforge.common.MinecraftForge/FORGE]: MinecraftForge v47.1.3 Initialized
[025月2026 16:10:08.628] [modloading-worker-0/DEBUG] [net.minecraftforge.fml.config.ConfigTracker/CONFIG]: Config file jei-server.toml for jei tracking
[025月2026 16:10:08.629] [modloading-worker-0/DEBUG] [mixin/]: Mixing AutomobileItemMixin from mixins.riautomobility.json into io.github.foundationgames.automobility.item.AutomobileItem
[025月2026 16:10:08.629] [modloading-worker-0/INFO] [com.github.franckyi.ibeeditor.client.ClientInit/]: Initializing IBE Editor - client
[025月2026 16:10:08.629] [modloading-worker-0/DEBUG] [mixin/]: mixins.riautomobility.json:AutomobileItemMixin: Class version 61 required is higher than the class version supported by the current version of Mixin (JAVA_8 supports class version 52)
[025月2026 16:10:08.632] [modloading-worker-0/DEBUG] [net.minecraftforge.coremod.transformer.CoreModBaseTransformer/COREMOD]: Transforming net/minecraft/world/item/ItemStack
[025月2026 16:10:08.652] [modloading-worker-0/DEBUG] [mixin/]: Mixing AutomobileComponentItemMixin from mixins.riautomobility.json into io.github.foundationgames.automobility.item.AutomobileComponentItem
[025月2026 16:10:08.652] [modloading-worker-0/DEBUG] [mixin/]: mixins.riautomobility.json:AutomobileComponentItemMixin: Class version 61 required is higher than the class version supported by the current version of Mixin (JAVA_8 supports class version 52)
[025月2026 16:10:08.654] [modloading-worker-0/DEBUG] [mixin/]: Mixing AutomobileComponentItemTooltipMixin from mixins.riautomobility.json into io.github.foundationgames.automobility.item.AutomobileComponentItem
[025月2026 16:10:08.655] [modloading-worker-0/DEBUG] [mixin/]: mixins.riautomobility.json:AutomobileComponentItemTooltipMixin: Class version 61 required is higher than the class version supported by the current version of Mixin (JAVA_8 supports class version 52)
[025月2026 16:10:08.676] [modloading-worker-0/DEBUG] [mixin/]: Mixing AutomobileEntityCollisionMixin from mixins.riautomobility.json into io.github.foundationgames.automobility.entity.AutomobileEntity
[025月2026 16:10:08.676] [modloading-worker-0/DEBUG] [mixin/]: mixins.riautomobility.json:AutomobileEntityCollisionMixin: Class version 61 required is higher than the class version supported by the current version of Mixin (JAVA_8 supports class version 52)
[025月2026 16:10:08.677] [modloading-worker-0/DEBUG] [mixin/]: Renaming synthetic method lambda$collisionStateTick$0(Lnet/minecraft/world/phys/AABB;Lio/github/foundationgames/automobility/util/duck/CollisionArea;)Z to md034bc1$lambda$collisionStateTick$0$0 in mixins.riautomobility.json:AutomobileEntityCollisionMixin
[025月2026 16:10:08.698] [modloading-worker-0/DEBUG] [mixin/]: Mixing accessor.AutomobileEntityAccessor from mixins.riautomobility.json into io.github.foundationgames.automobility.entity.AutomobileEntity
[025月2026 16:10:08.698] [modloading-worker-0/DEBUG] [mixin/]: mixins.riautomobility.json:accessor.AutomobileEntityAccessor: Class version 61 required is higher than the class version supported by the current version of Mixin (JAVA_8 supports class version 52)
[025月2026 16:10:08.712] [modloading-worker-0/DEBUG] [mixin/]: Mixing MultiPlayerGameModeMixin from automobility.mixins.json into net.minecraft.client.multiplayer.MultiPlayerGameMode
[025月2026 16:10:08.735] [modloading-worker-0/DEBUG] [mixin/]: Mixing LocalPlayerMixin from mixins.riautomobility.json into net.minecraft.client.player.LocalPlayer
[025月2026 16:10:08.736] [modloading-worker-0/DEBUG] [mixin/]: mixins.riautomobility.json:LocalPlayerMixin: Class version 61 required is higher than the class version supported by the current version of Mixin (JAVA_8 supports class version 52)
[025月2026 16:10:08.736] [modloading-worker-0/DEBUG] [mixin/]: Mixing LocalPlayerMixin from automobility.mixins.json into net.minecraft.client.player.LocalPlayer
[025月2026 16:10:08.752] [modloading-worker-0/DEBUG] [mixin/]: Mixing AbstractWidgetMixin from ibeeditor-common.mixins.json into net.minecraft.client.gui.components.AbstractWidget
[025月2026 16:10:08.758] [modloading-worker-0/DEBUG] [mixin/]: Mixing AutoMechanicTableRecipeMixin from mixins.riautomobility.json into io.github.foundationgames.automobility.recipe.AutoMechanicTableRecipe
[025月2026 16:10:08.758] [modloading-worker-0/DEBUG] [mixin/]: mixins.riautomobility.json:AutoMechanicTableRecipeMixin: Class version 61 required is higher than the class version supported by the current version of Mixin (JAVA_8 supports class version 52)
[025月2026 16:10:08.762] [modloading-worker-0/DEBUG] [mixin/]: Mixing accessor.AutoMechanicTableRecipeAccessor from mixins.riautomobility.json into io.github.foundationgames.automobility.recipe.AutoMechanicTableRecipe
[025月2026 16:10:08.762] [modloading-worker-0/DEBUG] [mixin/]: mixins.riautomobility.json:accessor.AutoMechanicTableRecipeAccessor: Class version 61 required is higher than the class version supported by the current version of Mixin (JAVA_8 supports class version 52)
[025月2026 16:10:08.777] [modloading-worker-0/DEBUG] [mixin/]: Mixing AutoMechanicTableRecipeSerializerMixin from mixins.riautomobility.json into io.github.foundationgames.automobility.recipe.AutoMechanicTableRecipeSerializer
[025月2026 16:10:08.778] [modloading-worker-0/DEBUG] [mixin/]: mixins.riautomobility.json:AutoMechanicTableRecipeSerializerMixin: Class version 61 required is higher than the class version supported by the current version of Mixin (JAVA_8 supports class version 52)
[025月2026 16:10:08.787] [modloading-worker-0/DEBUG] [mixin/]: Mixing AbstractContainerScreenMixin from ibeeditor-common.mixins.json into net.minecraft.client.gui.screens.inventory.AbstractContainerScreen
[025月2026 16:10:08.802] [modloading-worker-0/DEBUG] [mezz.jei.common.platform.Services/]: Loaded mezz.jei.forge.platform.PlatformHelper@67168189 for service interface mezz.jei.common.platform.IPlatformHelper
[025月2026 16:10:08.806] [modloading-worker-0/DEBUG] [mixin/]: Mixing AbstractSelectionListMixin from ibeeditor-common.mixins.json into net.minecraft.client.gui.components.AbstractSelectionList
[025月2026 16:10:08.824] [modloading-worker-0/DEBUG] [io.netty.util.internal.PlatformDependent0/]: -Dio.netty.noUnsafe: false
[025月2026 16:10:08.824] [modloading-worker-0/DEBUG] [io.netty.util.internal.PlatformDependent0/]: Java version: 17
[025月2026 16:10:08.826] [modloading-worker-0/DEBUG] [io.netty.util.internal.PlatformDependent0/]: sun.misc.Unsafe.theUnsafe: available
[025月2026 16:10:08.827] [modloading-worker-0/DEBUG] [io.netty.util.internal.PlatformDependent0/]: sun.misc.Unsafe.copyMemory: available
[025月2026 16:10:08.828] [modloading-worker-0/DEBUG] [io.netty.util.internal.PlatformDependent0/]: sun.misc.Unsafe.storeFence: available
[025月2026 16:10:08.829] [modloading-worker-0/DEBUG] [io.netty.util.internal.PlatformDependent0/]: java.nio.Buffer.address: available
[025月2026 16:10:08.831] [modloading-worker-0/DEBUG] [net.minecraftforge.fml.javafmlmod.AutomaticEventSubscriber/LOADING]: Attempting to inject @EventBusSubscriber classes into the eventbus for automobility
[025月2026 16:10:08.838] [modloading-worker-0/WARN] [software.bernie.geckolib.GeckoLib/]: Minecraft.getInstance() was null, could not register reload listeners
[025月2026 16:10:08.841] [modloading-worker-0/DEBUG] [net.minecraftforge.fml.javafmlmod.AutomaticEventSubscriber/LOADING]: Auto-subscribing io.github.foundationgames.automobility.forge.AutomobilityForge to MOD
[025月2026 16:10:08.843] [modloading-worker-0/DEBUG] [net.minecraftforge.fml.javafmlmod.AutomaticEventSubscriber/LOADING]: Auto-subscribing io.github.foundationgames.automobility.forge.AutomobilityClientForge to MOD
[025月2026 16:10:08.847] [modloading-worker-0/DEBUG] [net.minecraftforge.fml.javafmlmod.AutomaticEventSubscriber/LOADING]: Attempting to inject @EventBusSubscriber classes into the eventbus for jade
[025月2026 16:10:08.847] [modloading-worker-0/DEBUG] [net.minecraftforge.fml.javafmlmod.AutomaticEventSubscriber/LOADING]: Attempting to inject @EventBusSubscriber classes into the eventbus for riautomobility
[025月2026 16:10:08.847] [modloading-worker-0/DEBUG] [net.minecraftforge.fml.javafmlmod.AutomaticEventSubscriber/LOADING]: Auto-subscribing com.sshakusora.riautomobility.Config to MOD
[025月2026 16:10:08.849] [modloading-worker-0/DEBUG] [net.minecraftforge.fml.javafmlmod.AutomaticEventSubscriber/LOADING]: Auto-subscribing com.sshakusora.riautomobility.datagen.RIAutomobilityDataGen to MOD
[025月2026 16:10:08.830] [modloading-worker-0/DEBUG] [io.netty.util.internal.PlatformDependent0/]: direct buffer constructor: unavailable
java.lang.UnsupportedOperationException: Reflective setAccessible(true) disabled
	at io.netty.util.internal.ReflectionUtil.trySetAccessible(ReflectionUtil.java:31) ~[netty-common-4.1.82.Final.jar%23151!/:4.1.82.Final]
	at io.netty.util.internal.PlatformDependent0$5.run(PlatformDependent0.java:288) ~[netty-common-4.1.82.Final.jar%23151!/:4.1.82.Final]
	at java.security.AccessController.doPrivileged(AccessController.java:318) ~[?:?]
	at io.netty.util.internal.PlatformDependent0.<clinit>(PlatformDependent0.java:282) ~[netty-common-4.1.82.Final.jar%23151!/:4.1.82.Final]
	at io.netty.util.internal.PlatformDependent.isAndroid(PlatformDependent.java:333) ~[netty-common-4.1.82.Final.jar%23151!/:4.1.82.Final]
	at io.netty.util.internal.PlatformDependent.<clinit>(PlatformDependent.java:88) ~[netty-common-4.1.82.Final.jar%23151!/:4.1.82.Final]
	at io.netty.util.ConstantPool.<init>(ConstantPool.java:34) ~[netty-common-4.1.82.Final.jar%23151!/:4.1.82.Final]
	at io.netty.util.AttributeKey$1.<init>(AttributeKey.java:27) ~[netty-common-4.1.82.Final.jar%23151!/:4.1.82.Final]
	at io.netty.util.AttributeKey.<clinit>(AttributeKey.java:27) ~[netty-common-4.1.82.Final.jar%23151!/:4.1.82.Final]
	at net.minecraftforge.network.NetworkConstants.<clinit>(NetworkConstants.java:34) ~[forge-1.20.1-47.1.3_mapped_official_1.20.1-recomp.jar%23190%23197!/:?]
	at net.minecraftforge.common.ForgeMod.<init>(ForgeMod.java:429) ~[forge-1.20.1-47.1.3_mapped_official_1.20.1-recomp.jar%23190%23197!/:?]
	at jdk.internal.reflect.NativeConstructorAccessorImpl.newInstance0(Native Method) ~[?:?]
	at jdk.internal.reflect.NativeConstructorAccessorImpl.newInstance(NativeConstructorAccessorImpl.java:77) ~[?:?]
	at jdk.internal.reflect.DelegatingConstructorAccessorImpl.newInstance(DelegatingConstructorAccessorImpl.java:45) ~[?:?]
	at java.lang.reflect.Constructor.newInstanceWithCaller(Constructor.java:500) ~[?:?]
	at java.lang.reflect.Constructor.newInstance(Constructor.java:481) ~[?:?]
	at net.minecraftforge.fml.javafmlmod.FMLModContainer.constructMod(FMLModContainer.java:68) ~[javafmllanguage-1.20.1-47.1.3.jar%23192!/:?]
	at net.minecraftforge.fml.ModContainer.lambda$buildTransitionHandler$10(ModContainer.java:123) ~[fmlcore-1.20.1-47.1.3.jar%23195!/:?]
	at java.util.concurrent.CompletableFuture$AsyncRun.run(CompletableFuture.java:1804) ~[?:?]
	at java.util.concurrent.CompletableFuture$AsyncRun.exec(CompletableFuture.java:1796) ~[?:?]
	at java.util.concurrent.ForkJoinTask.doExec(ForkJoinTask.java:373) ~[?:?]
	at java.util.concurrent.ForkJoinPool$WorkQueue.topLevelExec(ForkJoinPool.java:1182) ~[?:?]
	at java.util.concurrent.ForkJoinPool.scan(ForkJoinPool.java:1655) ~[?:?]
	at java.util.concurrent.ForkJoinPool.runWorker(ForkJoinPool.java:1622) ~[?:?]
	at java.util.concurrent.ForkJoinWorkerThread.run(ForkJoinWorkerThread.java:165) ~[?:?]
[025月2026 16:10:08.851] [modloading-worker-0/DEBUG] [io.netty.util.internal.PlatformDependent0/]: java.nio.Bits.unaligned: available, true
[025月2026 16:10:08.852] [modloading-worker-0/DEBUG] [mixin/]: Mixing BlockColorsAccess from automobility_forge.mixins.json into net.minecraft.client.color.block.BlockColors
[025月2026 16:10:08.852] [modloading-worker-0/DEBUG] [io.netty.util.internal.PlatformDependent0/]: jdk.internal.misc.Unsafe.allocateUninitializedArray(int): unavailable
java.lang.IllegalAccessException: class io.netty.util.internal.PlatformDependent0$7 (in module io.netty.common) cannot access class jdk.internal.misc.Unsafe (in module java.base) because module java.base does not export jdk.internal.misc to module io.netty.common
	at jdk.internal.reflect.Reflection.newIllegalAccessException(Reflection.java:392) ~[?:?]
	at java.lang.reflect.AccessibleObject.checkAccess(AccessibleObject.java:674) ~[?:?]
	at java.lang.reflect.Method.invoke(Method.java:561) ~[?:?]
	at io.netty.util.internal.PlatformDependent0$7.run(PlatformDependent0.java:410) ~[netty-common-4.1.82.Final.jar%23151!/:4.1.82.Final]
	at java.security.AccessController.doPrivileged(AccessController.java:318) ~[?:?]
	at io.netty.util.internal.PlatformDependent0.<clinit>(PlatformDependent0.java:401) ~[netty-common-4.1.82.Final.jar%23151!/:4.1.82.Final]
	at io.netty.util.internal.PlatformDependent.isAndroid(PlatformDependent.java:333) ~[netty-common-4.1.82.Final.jar%23151!/:4.1.82.Final]
	at io.netty.util.internal.PlatformDependent.<clinit>(PlatformDependent.java:88) ~[netty-common-4.1.82.Final.jar%23151!/:4.1.82.Final]
	at io.netty.util.ConstantPool.<init>(ConstantPool.java:34) ~[netty-common-4.1.82.Final.jar%23151!/:4.1.82.Final]
	at io.netty.util.AttributeKey$1.<init>(AttributeKey.java:27) ~[netty-common-4.1.82.Final.jar%23151!/:4.1.82.Final]
	at io.netty.util.AttributeKey.<clinit>(AttributeKey.java:27) ~[netty-common-4.1.82.Final.jar%23151!/:4.1.82.Final]
	at net.minecraftforge.network.NetworkConstants.<clinit>(NetworkConstants.java:34) ~[forge-1.20.1-47.1.3_mapped_official_1.20.1-recomp.jar%23190%23197!/:?]
	at net.minecraftforge.common.ForgeMod.<init>(ForgeMod.java:429) ~[forge-1.20.1-47.1.3_mapped_official_1.20.1-recomp.jar%23190%23197!/:?]
	at jdk.internal.reflect.NativeConstructorAccessorImpl.newInstance0(Native Method) ~[?:?]
	at jdk.internal.reflect.NativeConstructorAccessorImpl.newInstance(NativeConstructorAccessorImpl.java:77) ~[?:?]
	at jdk.internal.reflect.DelegatingConstructorAccessorImpl.newInstance(DelegatingConstructorAccessorImpl.java:45) ~[?:?]
	at java.lang.reflect.Constructor.newInstanceWithCaller(Constructor.java:500) ~[?:?]
	at java.lang.reflect.Constructor.newInstance(Constructor.java:481) ~[?:?]
	at net.minecraftforge.fml.javafmlmod.FMLModContainer.constructMod(FMLModContainer.java:68) ~[javafmllanguage-1.20.1-47.1.3.jar%23192!/:?]
	at net.minecraftforge.fml.ModContainer.lambda$buildTransitionHandler$10(ModContainer.java:123) ~[fmlcore-1.20.1-47.1.3.jar%23195!/:?]
	at java.util.concurrent.CompletableFuture$AsyncRun.run(CompletableFuture.java:1804) ~[?:?]
	at java.util.concurrent.CompletableFuture$AsyncRun.exec(CompletableFuture.java:1796) ~[?:?]
	at java.util.concurrent.ForkJoinTask.doExec(ForkJoinTask.java:373) ~[?:?]
	at java.util.concurrent.ForkJoinPool$WorkQueue.topLevelExec(ForkJoinPool.java:1182) ~[?:?]
	at java.util.concurrent.ForkJoinPool.scan(ForkJoinPool.java:1655) ~[?:?]
	at java.util.concurrent.ForkJoinPool.runWorker(ForkJoinPool.java:1622) ~[?:?]
	at java.util.concurrent.ForkJoinWorkerThread.run(ForkJoinWorkerThread.java:165) ~[?:?]
[025月2026 16:10:08.855] [modloading-worker-0/DEBUG] [io.netty.util.internal.PlatformDependent0/]: java.nio.DirectByteBuffer.<init>(long, int): unavailable
[025月2026 16:10:08.855] [modloading-worker-0/DEBUG] [io.netty.util.internal.PlatformDependent/]: sun.misc.Unsafe: available
[025月2026 16:10:08.856] [modloading-worker-0/DEBUG] [io.netty.util.internal.PlatformDependent/]: maxDirectMemory: 8518631424 bytes (maybe)
[025月2026 16:10:08.857] [modloading-worker-0/DEBUG] [io.netty.util.internal.PlatformDependent/]: -Dio.netty.tmpdir: C:\Users\14049\AppData\Local\Temp (java.io.tmpdir)
[025月2026 16:10:08.857] [modloading-worker-0/DEBUG] [io.netty.util.internal.PlatformDependent/]: -Dio.netty.bitMode: 64 (sun.arch.data.model)
[025月2026 16:10:08.857] [modloading-worker-0/DEBUG] [io.netty.util.internal.PlatformDependent/]: Platform: Windows
[025月2026 16:10:08.859] [modloading-worker-0/DEBUG] [io.netty.util.internal.PlatformDependent/]: -Dio.netty.maxDirectMemory: -1 bytes
[025月2026 16:10:08.859] [modloading-worker-0/DEBUG] [io.netty.util.internal.PlatformDependent/]: -Dio.netty.uninitializedArrayAllocationThreshold: -1
[025月2026 16:10:08.861] [modloading-worker-0/DEBUG] [io.netty.util.internal.CleanerJava9/]: java.nio.ByteBuffer.cleaner(): available
[025月2026 16:10:08.863] [modloading-worker-0/DEBUG] [io.netty.util.internal.PlatformDependent/]: -Dio.netty.noPreferDirect: false
[025月2026 16:10:08.867] [modloading-worker-0/DEBUG] [net.minecraftforge.fml.javafmlmod.AutomaticEventSubscriber/LOADING]: Auto-subscribing com.sshakusora.riautomobility.events.ClientKeyHandler to FORGE
[025月2026 16:10:08.870] [modloading-worker-0/DEBUG] [net.minecraftforge.fml.javafmlmod.AutomaticEventSubscriber/LOADING]: Auto-subscribing com.sshakusora.riautomobility.events.CustomComponentSyncHandler to FORGE
[025月2026 16:10:08.879] [modloading-worker-0/DEBUG] [net.minecraftforge.fml.javafmlmod.AutomaticEventSubscriber/LOADING]: Auto-subscribing com.sshakusora.riautomobility.events.DisableAutomobileDiscard to FORGE
[025月2026 16:10:08.887] [modloading-worker-0/DEBUG] [net.minecraftforge.fml.javafmlmod.AutomaticEventSubscriber/LOADING]: Auto-subscribing com.sshakusora.riautomobility.events.PassengerRenderHandler to FORGE
[025月2026 16:10:08.902] [modloading-worker-0/DEBUG] [net.minecraftforge.fml.javafmlmod.AutomaticEventSubscriber/LOADING]: Auto-subscribing com.sshakusora.riautomobility.reload.RIAutomobilityClientReloadManager to MOD
[025月2026 16:10:08.906] [modloading-worker-0/DEBUG] [net.minecraftforge.fml.javafmlmod.AutomaticEventSubscriber/LOADING]: Auto-subscribing com.sshakusora.riautomobility.reload.RIAutomobilityReloadManager$CommonEvents to FORGE
[025月2026 16:10:08.920] [modloading-worker-0/DEBUG] [net.minecraftforge.fml.javafmlmod.AutomaticEventSubscriber/LOADING]: Auto-subscribing com.sshakusora.riautomobility.RIAutomobility$RIAutomobilityClient to MOD
[025月2026 16:10:08.939] [modloading-worker-0/DEBUG] [net.minecraftforge.common.ForgeMod/FORGEMOD]: Loading Network data for FML net version: FML3
[025月2026 16:10:08.944] [modloading-worker-0/DEBUG] [net.minecraftforge.fml.javafmlmod.AutomaticEventSubscriber/LOADING]: Attempting to inject @EventBusSubscriber classes into the eventbus for geckolib
[025月2026 16:10:08.944] [modloading-worker-0/DEBUG] [net.minecraftforge.fml.javafmlmod.AutomaticEventSubscriber/LOADING]: Auto-subscribing software.bernie.example.GeckoLibMod to FORGE
[025月2026 16:10:08.944] [modloading-worker-0/DEBUG] [net.minecraftforge.fml.javafmlmod.AutomaticEventSubscriber/LOADING]: Auto-subscribing software.bernie.example.CommonListener to MOD
[025月2026 16:10:08.946] [modloading-worker-0/DEBUG] [net.minecraftforge.fml.javafmlmod.AutomaticEventSubscriber/LOADING]: Auto-subscribing software.bernie.example.ClientListener to MOD
[025月2026 16:10:08.953] [modloading-worker-0/DEBUG] [net.minecraftforge.fml.config.ConfigTracker/CONFIG]: Config file forge-client.toml for forge tracking
[025月2026 16:10:08.953] [modloading-worker-0/DEBUG] [net.minecraftforge.fml.config.ConfigTracker/CONFIG]: Config file forge-server.toml for forge tracking
[025月2026 16:10:08.953] [modloading-worker-0/DEBUG] [net.minecraftforge.fml.ModLoadingContext/]: Attempted to register an empty config for type COMMON on mod forge
[025月2026 16:10:08.954] [modloading-worker-0/DEBUG] [mezz.jei.common.config.file.ConfigSerializer/]: Saving config file: D:\Game\Minecraft Mod\Forge\RIAutomobility\run-data\config\jei\jei-debug.ini
[025月2026 16:10:08.958] [modloading-worker-0/DEBUG] [net.minecraftforge.fml.javafmlmod.AutomaticEventSubscriber/LOADING]: Attempting to inject @EventBusSubscriber classes into the eventbus for ibeeditor
[025月2026 16:10:08.966] [modloading-worker-0/DEBUG] [mezz.jei.common.config.file.ConfigSerializer/]: Saving config file: D:\Game\Minecraft Mod\Forge\RIAutomobility\run-data\config\jei\jei-mod-id-format.ini
[025月2026 16:10:08.974] [modloading-worker-0/DEBUG] [mezz.jei.common.config.file.ConfigSerializer/]: Saving config file: D:\Game\Minecraft Mod\Forge\RIAutomobility\run-data\config\jei\jei-colors.ini
[025月2026 16:10:08.978] [modloading-worker-0/DEBUG] [net.minecraftforge.fml.javafmlmod.AutomaticEventSubscriber/LOADING]: Attempting to inject @EventBusSubscriber classes into the eventbus for forge
[025月2026 16:10:08.978] [modloading-worker-0/DEBUG] [net.minecraftforge.fml.javafmlmod.AutomaticEventSubscriber/LOADING]: Auto-subscribing net.minecraftforge.common.ForgeSpawnEggItem$CommonHandler to MOD
[025月2026 16:10:08.981] [modloading-worker-0/DEBUG] [net.minecraftforge.fml.javafmlmod.AutomaticEventSubscriber/LOADING]: Auto-subscribing net.minecraftforge.common.ForgeSpawnEggItem$ColorRegisterHandler to MOD
[025月2026 16:10:08.983] [modloading-worker-0/DEBUG] [net.minecraftforge.fml.javafmlmod.AutomaticEventSubscriber/LOADING]: Auto-subscribing net.minecraftforge.client.model.data.ModelDataManager to FORGE
[025月2026 16:10:08.986] [modloading-worker-0/DEBUG] [net.minecraftforge.fml.javafmlmod.AutomaticEventSubscriber/LOADING]: Auto-subscribing net.minecraftforge.client.ForgeHooksClient$ClientEvents to MOD
[025月2026 16:10:08.994] [modloading-worker-0/DEBUG] [mezz.jei.common.config.file.ConfigSerializer/]: Saving config file: D:\Game\Minecraft Mod\Forge\RIAutomobility\run-data\config\jei\jei-client.ini
[025月2026 16:10:08.995] [modloading-worker-0/DEBUG] [net.minecraftforge.fml.javafmlmod.AutomaticEventSubscriber/LOADING]: Auto-subscribing net.minecraftforge.client.ClientForgeMod to MOD
[025月2026 16:10:09.003] [modloading-worker-0/INFO] [mezz.jei.library.load.PluginCaller/]: Sending ConfigManager...
[025月2026 16:10:09.007] [modloading-worker-0/DEBUG] [mezz.jei.library.load.PluginCallerTimerRunnable/]: Sending ConfigManager: jei:minecraft...
[025月2026 16:10:09.007] [modloading-worker-0/DEBUG] [mezz.jei.library.load.PluginCallerTimerRunnable/]: Sending ConfigManager: riautomobility:jei_plugin...
[025月2026 16:10:09.007] [modloading-worker-0/DEBUG] [mezz.jei.library.load.PluginCallerTimerRunnable/]: Sending ConfigManager: jade:main...
[025月2026 16:10:09.007] [modloading-worker-0/DEBUG] [mezz.jei.library.load.PluginCallerTimerRunnable/]: Sending ConfigManager: jei:debug...
[025月2026 16:10:09.008] [modloading-worker-0/DEBUG] [mezz.jei.library.load.PluginCallerTimerRunnable/]: Sending ConfigManager: jei:gui...
[025月2026 16:10:09.008] [modloading-worker-0/DEBUG] [mezz.jei.library.load.PluginCallerTimerRunnable/]: Sending ConfigManager: jei:forge_gui...
[025月2026 16:10:09.008] [modloading-worker-0/DEBUG] [mezz.jei.library.load.PluginCallerTimerRunnable/]: Sending ConfigManager: jei:internal...
[025月2026 16:10:09.009] [modloading-worker-0/INFO] [mezz.jei.library.load.PluginCaller/]: Sending ConfigManager took 3.677 ms
[025月2026 16:10:09.015] [modloading-worker-0/DEBUG] [net.minecraftforge.fml.javafmlmod.AutomaticEventSubscriber/LOADING]: Attempting to inject @EventBusSubscriber classes into the eventbus for jei
[025月2026 16:10:09.052] [main/DEBUG] [net.minecraftforge.registries.ObjectHolderRegistry/REGISTRIES]: Processing ObjectHolder annotations
[025月2026 16:10:09.075] [main/DEBUG] [net.minecraftforge.registries.ObjectHolderRegistry/REGISTRIES]: Found 3881 ObjectHolder annotations
[025月2026 16:10:09.079] [main/DEBUG] [net.minecraftforge.common.capabilities.CapabilityManager/CAPABILITIES]: Attempting to automatically register: Lnet/minecraftforge/energy/IEnergyStorage;
[025月2026 16:10:09.080] [main/DEBUG] [net.minecraftforge.common.capabilities.CapabilityManager/CAPABILITIES]: Attempting to automatically register: Lnet/minecraftforge/fluids/capability/IFluidHandler;
[025月2026 16:10:09.080] [main/DEBUG] [net.minecraftforge.common.capabilities.CapabilityManager/CAPABILITIES]: Attempting to automatically register: Lnet/minecraftforge/fluids/capability/IFluidHandlerItem;
[025月2026 16:10:09.080] [main/DEBUG] [net.minecraftforge.common.capabilities.CapabilityManager/CAPABILITIES]: Attempting to automatically register: Lnet/minecraftforge/items/IItemHandler;
[025月2026 16:10:09.081] [main/DEBUG] [net.minecraftforge.registries.GameData/REGISTRIES]: Unfreezing vanilla registries
[025月2026 16:10:09.083] [main/DEBUG] [net.minecraftforge.registries.GameData/REGISTRIES]: Applying holder lookups: minecraft:sound_event
[025月2026 16:10:09.087] [main/DEBUG] [net.minecraftforge.registries.GameData/REGISTRIES]: Holder lookups applied: minecraft:sound_event
[025月2026 16:10:09.088] [main/DEBUG] [net.minecraftforge.registries.GameData/REGISTRIES]: Applying holder lookups: minecraft:fluid
[025月2026 16:10:09.089] [main/DEBUG] [net.minecraftforge.registries.GameData/REGISTRIES]: Holder lookups applied: minecraft:fluid
[025月2026 16:10:09.091] [main/DEBUG] [mixin/]: Mixing AutomobileAssemblerBlockEntityMixin from mixins.riautomobility.json into io.github.foundationgames.automobility.block.entity.AutomobileAssemblerBlockEntity
[025月2026 16:10:09.093] [main/DEBUG] [mixin/]: mixins.riautomobility.json:AutomobileAssemblerBlockEntityMixin: Class version 61 required is higher than the class version supported by the current version of Mixin (JAVA_8 supports class version 52)
[025月2026 16:10:09.093] [main/DEBUG] [mixin/]: Renaming synthetic method lambda$createRIAutomobile$0(Lio/github/foundationgames/automobility/block/entity/AutomobileAssemblerBlockEntity;Lnet/minecraft/world/phys/Vec3;Lnet/minecraft/world/entity/player/Player;)V to md034bc1$lambda$createRIAutomobile$0$0 in mixins.riautomobility.json:AutomobileAssemblerBlockEntityMixin
[025月2026 16:10:09.279] [main/DEBUG] [net.minecraftforge.registries.GameData/REGISTRIES]: Applying holder lookups: minecraft:block
[025月2026 16:10:09.280] [main/DEBUG] [net.minecraftforge.registries.GameData/REGISTRIES]: Holder lookups applied: minecraft:block
[025月2026 16:10:09.281] [main/DEBUG] [net.minecraftforge.registries.GameData/REGISTRIES]: Applying holder lookups: minecraft:attribute
[025月2026 16:10:09.281] [main/DEBUG] [net.minecraftforge.registries.GameData/REGISTRIES]: Holder lookups applied: minecraft:attribute
[025月2026 16:10:09.281] [main/DEBUG] [net.minecraftforge.registries.GameData/REGISTRIES]: Applying holder lookups: minecraft:mob_effect
[025月2026 16:10:09.281] [main/DEBUG] [net.minecraftforge.registries.GameData/REGISTRIES]: Holder lookups applied: minecraft:mob_effect
[025月2026 16:10:09.282] [main/DEBUG] [net.minecraftforge.registries.GameData/REGISTRIES]: Applying holder lookups: minecraft:particle_type
[025月2026 16:10:09.282] [main/DEBUG] [net.minecraftforge.registries.GameData/REGISTRIES]: Holder lookups applied: minecraft:particle_type
[025月2026 16:10:09.291] [main/DEBUG] [software.bernie.geckolib.GeckoLib/]: Registered SyncedAnimatable for class software.bernie.example.item.JackInTheBoxItem
[025月2026 16:10:09.300] [main/DEBUG] [net.minecraftforge.registries.GameData/REGISTRIES]: Applying holder lookups: minecraft:item
[025月2026 16:10:09.302] [main/DEBUG] [net.minecraftforge.registries.GameData/REGISTRIES]: Holder lookups applied: minecraft:item
[025月2026 16:10:09.308] [main/DEBUG] [net.minecraftforge.registries.GameData/REGISTRIES]: Applying holder lookups: minecraft:entity_type
[025月2026 16:10:09.308] [main/DEBUG] [net.minecraftforge.registries.GameData/REGISTRIES]: Holder lookups applied: minecraft:entity_type
[025月2026 16:10:09.308] [main/DEBUG] [net.minecraftforge.registries.GameData/REGISTRIES]: Applying holder lookups: minecraft:sensor_type
[025月2026 16:10:09.308] [main/DEBUG] [net.minecraftforge.registries.GameData/REGISTRIES]: Holder lookups applied: minecraft:sensor_type
[025月2026 16:10:09.308] [main/DEBUG] [net.minecraftforge.registries.GameData/REGISTRIES]: Applying holder lookups: minecraft:memory_module_type
[025月2026 16:10:09.309] [main/DEBUG] [net.minecraftforge.registries.GameData/REGISTRIES]: Holder lookups applied: minecraft:memory_module_type
[025月2026 16:10:09.309] [main/DEBUG] [net.minecraftforge.registries.GameData/REGISTRIES]: Applying holder lookups: minecraft:potion
[025月2026 16:10:09.309] [main/DEBUG] [net.minecraftforge.registries.GameData/REGISTRIES]: Holder lookups applied: minecraft:potion
[025月2026 16:10:09.309] [main/DEBUG] [net.minecraftforge.registries.GameData/REGISTRIES]: Applying holder lookups: minecraft:game_event
[025月2026 16:10:09.309] [main/DEBUG] [net.minecraftforge.registries.GameData/REGISTRIES]: Holder lookups applied: minecraft:game_event
[025月2026 16:10:09.310] [main/DEBUG] [net.minecraftforge.registries.GameData/REGISTRIES]: Applying holder lookups: minecraft:enchantment
[025月2026 16:10:09.310] [main/DEBUG] [net.minecraftforge.registries.GameData/REGISTRIES]: Holder lookups applied: minecraft:enchantment
[025月2026 16:10:09.313] [main/DEBUG] [net.minecraftforge.registries.GameData/REGISTRIES]: Applying holder lookups: minecraft:block_entity_type
[025月2026 16:10:09.314] [main/DEBUG] [net.minecraftforge.registries.GameData/REGISTRIES]: Holder lookups applied: minecraft:block_entity_type
[025月2026 16:10:09.314] [main/DEBUG] [net.minecraftforge.registries.GameData/REGISTRIES]: Applying holder lookups: minecraft:painting_variant
[025月2026 16:10:09.314] [main/DEBUG] [net.minecraftforge.registries.GameData/REGISTRIES]: Holder lookups applied: minecraft:painting_variant
[025月2026 16:10:09.315] [main/DEBUG] [net.minecraftforge.registries.GameData/REGISTRIES]: Applying holder lookups: minecraft:stat_type
[025月2026 16:10:09.315] [main/DEBUG] [net.minecraftforge.registries.GameData/REGISTRIES]: Holder lookups applied: minecraft:stat_type
[025月2026 16:10:09.315] [main/DEBUG] [net.minecraftforge.registries.GameData/REGISTRIES]: Applying holder lookups: minecraft:custom_stat
[025月2026 16:10:09.315] [main/DEBUG] [net.minecraftforge.registries.GameData/REGISTRIES]: Holder lookups applied: minecraft:custom_stat
[025月2026 16:10:09.315] [main/DEBUG] [net.minecraftforge.registries.GameData/REGISTRIES]: Applying holder lookups: minecraft:chunk_status
[025月2026 16:10:09.316] [main/DEBUG] [net.minecraftforge.registries.GameData/REGISTRIES]: Holder lookups applied: minecraft:chunk_status
[025月2026 16:10:09.316] [main/DEBUG] [net.minecraftforge.registries.GameData/REGISTRIES]: Applying holder lookups: minecraft:rule_test
[025月2026 16:10:09.316] [main/DEBUG] [net.minecraftforge.registries.GameData/REGISTRIES]: Holder lookups applied: minecraft:rule_test
[025月2026 16:10:09.316] [main/DEBUG] [net.minecraftforge.registries.GameData/REGISTRIES]: Applying holder lookups: minecraft:rule_block_entity_modifier
[025月2026 16:10:09.316] [main/DEBUG] [net.minecraftforge.registries.GameData/REGISTRIES]: Holder lookups applied: minecraft:rule_block_entity_modifier
[025月2026 16:10:09.316] [main/DEBUG] [net.minecraftforge.registries.GameData/REGISTRIES]: Applying holder lookups: minecraft:pos_rule_test
[025月2026 16:10:09.317] [main/DEBUG] [net.minecraftforge.registries.GameData/REGISTRIES]: Holder lookups applied: minecraft:pos_rule_test
[025月2026 16:10:09.318] [main/DEBUG] [net.minecraftforge.registries.GameData/REGISTRIES]: Applying holder lookups: minecraft:menu
[025月2026 16:10:09.320] [main/DEBUG] [net.minecraftforge.registries.GameData/REGISTRIES]: Holder lookups applied: minecraft:menu
[025月2026 16:10:09.320] [main/DEBUG] [net.minecraftforge.registries.GameData/REGISTRIES]: Applying holder lookups: minecraft:recipe_type
[025月2026 16:10:09.320] [main/DEBUG] [net.minecraftforge.registries.GameData/REGISTRIES]: Holder lookups applied: minecraft:recipe_type
[025月2026 16:10:09.334] [main/DEBUG] [net.minecraftforge.registries.GameData/REGISTRIES]: Applying holder lookups: minecraft:recipe_serializer
[025月2026 16:10:09.335] [main/DEBUG] [net.minecraftforge.registries.GameData/REGISTRIES]: Holder lookups applied: minecraft:recipe_serializer
[025月2026 16:10:09.335] [main/DEBUG] [net.minecraftforge.registries.GameData/REGISTRIES]: Applying holder lookups: minecraft:position_source_type
[025月2026 16:10:09.335] [main/DEBUG] [net.minecraftforge.registries.GameData/REGISTRIES]: Holder lookups applied: minecraft:position_source_type
[025月2026 16:10:09.337] [main/DEBUG] [net.minecraftforge.registries.GameData/REGISTRIES]: Applying holder lookups: minecraft:command_argument_type
[025月2026 16:10:09.337] [main/DEBUG] [net.minecraftforge.registries.GameData/REGISTRIES]: Holder lookups applied: minecraft:command_argument_type
[025月2026 16:10:09.338] [main/DEBUG] [net.minecraftforge.registries.GameData/REGISTRIES]: Applying holder lookups: minecraft:villager_type
[025月2026 16:10:09.338] [main/DEBUG] [net.minecraftforge.registries.GameData/REGISTRIES]: Holder lookups applied: minecraft:villager_type
[025月2026 16:10:09.338] [main/DEBUG] [net.minecraftforge.registries.GameData/REGISTRIES]: Applying holder lookups: minecraft:villager_profession
[025月2026 16:10:09.338] [main/DEBUG] [net.minecraftforge.registries.GameData/REGISTRIES]: Holder lookups applied: minecraft:villager_profession
[025月2026 16:10:09.338] [main/DEBUG] [net.minecraftforge.registries.GameData/REGISTRIES]: Applying holder lookups: minecraft:point_of_interest_type
[025月2026 16:10:09.338] [main/DEBUG] [net.minecraftforge.registries.GameData/REGISTRIES]: Holder lookups applied: minecraft:point_of_interest_type
[025月2026 16:10:09.340] [main/DEBUG] [net.minecraftforge.registries.GameData/REGISTRIES]: Applying holder lookups: minecraft:schedule
[025月2026 16:10:09.340] [main/DEBUG] [net.minecraftforge.registries.GameData/REGISTRIES]: Holder lookups applied: minecraft:schedule
[025月2026 16:10:09.340] [main/DEBUG] [net.minecraftforge.registries.GameData/REGISTRIES]: Applying holder lookups: minecraft:activity
[025月2026 16:10:09.340] [main/DEBUG] [net.minecraftforge.registries.GameData/REGISTRIES]: Holder lookups applied: minecraft:activity
[025月2026 16:10:09.340] [main/DEBUG] [net.minecraftforge.registries.GameData/REGISTRIES]: Applying holder lookups: minecraft:loot_pool_entry_type
[025月2026 16:10:09.340] [main/DEBUG] [net.minecraftforge.registries.GameData/REGISTRIES]: Holder lookups applied: minecraft:loot_pool_entry_type
[025月2026 16:10:09.340] [main/DEBUG] [net.minecraftforge.registries.GameData/REGISTRIES]: Applying holder lookups: minecraft:loot_function_type
[025月2026 16:10:09.340] [main/DEBUG] [net.minecraftforge.registries.GameData/REGISTRIES]: Holder lookups applied: minecraft:loot_function_type
[025月2026 16:10:09.343] [main/DEBUG] [net.minecraftforge.registries.GameData/REGISTRIES]: Applying holder lookups: minecraft:loot_condition_type
[025月2026 16:10:09.344] [main/DEBUG] [net.minecraftforge.registries.GameData/REGISTRIES]: Holder lookups applied: minecraft:loot_condition_type
[025月2026 16:10:09.344] [main/DEBUG] [net.minecraftforge.registries.GameData/REGISTRIES]: Applying holder lookups: minecraft:loot_number_provider_type
[025月2026 16:10:09.344] [main/DEBUG] [net.minecraftforge.registries.GameData/REGISTRIES]: Holder lookups applied: minecraft:loot_number_provider_type
[025月2026 16:10:09.344] [main/DEBUG] [net.minecraftforge.registries.GameData/REGISTRIES]: Applying holder lookups: minecraft:loot_nbt_provider_type
[025月2026 16:10:09.344] [main/DEBUG] [net.minecraftforge.registries.GameData/REGISTRIES]: Holder lookups applied: minecraft:loot_nbt_provider_type
[025月2026 16:10:09.345] [main/DEBUG] [net.minecraftforge.registries.GameData/REGISTRIES]: Applying holder lookups: minecraft:loot_score_provider_type
[025月2026 16:10:09.345] [main/DEBUG] [net.minecraftforge.registries.GameData/REGISTRIES]: Holder lookups applied: minecraft:loot_score_provider_type
[025月2026 16:10:09.345] [main/DEBUG] [net.minecraftforge.registries.GameData/REGISTRIES]: Applying holder lookups: minecraft:float_provider_type
[025月2026 16:10:09.345] [main/DEBUG] [net.minecraftforge.registries.GameData/REGISTRIES]: Holder lookups applied: minecraft:float_provider_type
[025月2026 16:10:09.345] [main/DEBUG] [net.minecraftforge.registries.GameData/REGISTRIES]: Applying holder lookups: minecraft:int_provider_type
[025月2026 16:10:09.345] [main/DEBUG] [net.minecraftforge.registries.GameData/REGISTRIES]: Holder lookups applied: minecraft:int_provider_type
[025月2026 16:10:09.345] [main/DEBUG] [net.minecraftforge.registries.GameData/REGISTRIES]: Applying holder lookups: minecraft:height_provider_type
[025月2026 16:10:09.346] [main/DEBUG] [net.minecraftforge.registries.GameData/REGISTRIES]: Holder lookups applied: minecraft:height_provider_type
[025月2026 16:10:09.346] [main/DEBUG] [net.minecraftforge.registries.GameData/REGISTRIES]: Applying holder lookups: minecraft:block_predicate_type
[025月2026 16:10:09.346] [main/DEBUG] [net.minecraftforge.registries.GameData/REGISTRIES]: Holder lookups applied: minecraft:block_predicate_type
[025月2026 16:10:09.346] [main/DEBUG] [net.minecraftforge.registries.GameData/REGISTRIES]: Applying holder lookups: minecraft:worldgen/carver
[025月2026 16:10:09.346] [main/DEBUG] [net.minecraftforge.registries.GameData/REGISTRIES]: Holder lookups applied: minecraft:worldgen/carver
[025月2026 16:10:09.346] [main/DEBUG] [net.minecraftforge.registries.GameData/REGISTRIES]: Applying holder lookups: minecraft:worldgen/feature
[025月2026 16:10:09.347] [main/DEBUG] [net.minecraftforge.registries.GameData/REGISTRIES]: Holder lookups applied: minecraft:worldgen/feature
[025月2026 16:10:09.347] [main/DEBUG] [net.minecraftforge.registries.GameData/REGISTRIES]: Applying holder lookups: minecraft:worldgen/structure_processor
[025月2026 16:10:09.347] [main/DEBUG] [net.minecraftforge.registries.GameData/REGISTRIES]: Holder lookups applied: minecraft:worldgen/structure_processor
[025月2026 16:10:09.347] [main/DEBUG] [net.minecraftforge.registries.GameData/REGISTRIES]: Applying holder lookups: minecraft:worldgen/structure_placement
[025月2026 16:10:09.347] [main/DEBUG] [net.minecraftforge.registries.GameData/REGISTRIES]: Holder lookups applied: minecraft:worldgen/structure_placement
[025月2026 16:10:09.347] [main/DEBUG] [net.minecraftforge.registries.GameData/REGISTRIES]: Applying holder lookups: minecraft:worldgen/structure_piece
[025月2026 16:10:09.347] [main/DEBUG] [net.minecraftforge.registries.GameData/REGISTRIES]: Holder lookups applied: minecraft:worldgen/structure_piece
[025月2026 16:10:09.348] [main/DEBUG] [net.minecraftforge.registries.GameData/REGISTRIES]: Applying holder lookups: minecraft:worldgen/structure_type
[025月2026 16:10:09.348] [main/DEBUG] [net.minecraftforge.registries.GameData/REGISTRIES]: Holder lookups applied: minecraft:worldgen/structure_type
[025月2026 16:10:09.348] [main/DEBUG] [net.minecraftforge.registries.GameData/REGISTRIES]: Applying holder lookups: minecraft:worldgen/placement_modifier_type
[025月2026 16:10:09.348] [main/DEBUG] [net.minecraftforge.registries.GameData/REGISTRIES]: Holder lookups applied: minecraft:worldgen/placement_modifier_type
[025月2026 16:10:09.348] [main/DEBUG] [net.minecraftforge.registries.GameData/REGISTRIES]: Applying holder lookups: minecraft:worldgen/block_state_provider_type
[025月2026 16:10:09.348] [main/DEBUG] [net.minecraftforge.registries.GameData/REGISTRIES]: Holder lookups applied: minecraft:worldgen/block_state_provider_type
[025月2026 16:10:09.348] [main/DEBUG] [net.minecraftforge.registries.GameData/REGISTRIES]: Applying holder lookups: minecraft:worldgen/foliage_placer_type
[025月2026 16:10:09.349] [main/DEBUG] [net.minecraftforge.registries.GameData/REGISTRIES]: Holder lookups applied: minecraft:worldgen/foliage_placer_type
[025月2026 16:10:09.349] [main/DEBUG] [net.minecraftforge.registries.GameData/REGISTRIES]: Applying holder lookups: minecraft:worldgen/trunk_placer_type
[025月2026 16:10:09.349] [main/DEBUG] [net.minecraftforge.registries.GameData/REGISTRIES]: Holder lookups applied: minecraft:worldgen/trunk_placer_type
[025月2026 16:10:09.349] [main/DEBUG] [net.minecraftforge.registries.GameData/REGISTRIES]: Applying holder lookups: minecraft:worldgen/root_placer_type
[025月2026 16:10:09.349] [main/DEBUG] [net.minecraftforge.registries.GameData/REGISTRIES]: Holder lookups applied: minecraft:worldgen/root_placer_type
[025月2026 16:10:09.349] [main/DEBUG] [net.minecraftforge.registries.GameData/REGISTRIES]: Applying holder lookups: minecraft:worldgen/tree_decorator_type
[025月2026 16:10:09.350] [main/DEBUG] [net.minecraftforge.registries.GameData/REGISTRIES]: Holder lookups applied: minecraft:worldgen/tree_decorator_type
[025月2026 16:10:09.350] [main/DEBUG] [net.minecraftforge.registries.GameData/REGISTRIES]: Applying holder lookups: minecraft:worldgen/feature_size_type
[025月2026 16:10:09.350] [main/DEBUG] [net.minecraftforge.registries.GameData/REGISTRIES]: Holder lookups applied: minecraft:worldgen/feature_size_type
[025月2026 16:10:09.350] [main/DEBUG] [net.minecraftforge.registries.GameData/REGISTRIES]: Applying holder lookups: minecraft:worldgen/biome_source
[025月2026 16:10:09.350] [main/DEBUG] [net.minecraftforge.registries.GameData/REGISTRIES]: Holder lookups applied: minecraft:worldgen/biome_source
[025月2026 16:10:09.350] [main/DEBUG] [net.minecraftforge.registries.GameData/REGISTRIES]: Applying holder lookups: minecraft:worldgen/chunk_generator
[025月2026 16:10:09.350] [main/DEBUG] [net.minecraftforge.registries.GameData/REGISTRIES]: Holder lookups applied: minecraft:worldgen/chunk_generator
[025月2026 16:10:09.350] [main/DEBUG] [net.minecraftforge.registries.GameData/REGISTRIES]: Applying holder lookups: minecraft:worldgen/material_condition
[025月2026 16:10:09.350] [main/DEBUG] [net.minecraftforge.registries.GameData/REGISTRIES]: Holder lookups applied: minecraft:worldgen/material_condition
[025月2026 16:10:09.350] [main/DEBUG] [net.minecraftforge.registries.GameData/REGISTRIES]: Applying holder lookups: minecraft:worldgen/material_rule
[025月2026 16:10:09.350] [main/DEBUG] [net.minecraftforge.registries.GameData/REGISTRIES]: Holder lookups applied: minecraft:worldgen/material_rule
[025月2026 16:10:09.350] [main/DEBUG] [net.minecraftforge.registries.GameData/REGISTRIES]: Applying holder lookups: minecraft:worldgen/density_function_type
[025月2026 16:10:09.352] [main/DEBUG] [net.minecraftforge.registries.GameData/REGISTRIES]: Holder lookups applied: minecraft:worldgen/density_function_type
[025月2026 16:10:09.352] [main/DEBUG] [net.minecraftforge.registries.GameData/REGISTRIES]: Applying holder lookups: minecraft:worldgen/structure_pool_element
[025月2026 16:10:09.352] [main/DEBUG] [net.minecraftforge.registries.GameData/REGISTRIES]: Holder lookups applied: minecraft:worldgen/structure_pool_element
[025月2026 16:10:09.352] [main/DEBUG] [net.minecraftforge.registries.GameData/REGISTRIES]: Applying holder lookups: minecraft:cat_variant
[025月2026 16:10:09.352] [main/DEBUG] [net.minecraftforge.registries.GameData/REGISTRIES]: Holder lookups applied: minecraft:cat_variant
[025月2026 16:10:09.352] [main/DEBUG] [net.minecraftforge.registries.GameData/REGISTRIES]: Applying holder lookups: minecraft:frog_variant
[025月2026 16:10:09.353] [main/DEBUG] [net.minecraftforge.registries.GameData/REGISTRIES]: Holder lookups applied: minecraft:frog_variant
[025月2026 16:10:09.353] [main/DEBUG] [net.minecraftforge.registries.GameData/REGISTRIES]: Applying holder lookups: minecraft:banner_pattern
[025月2026 16:10:09.353] [main/DEBUG] [net.minecraftforge.registries.GameData/REGISTRIES]: Holder lookups applied: minecraft:banner_pattern
[025月2026 16:10:09.353] [main/DEBUG] [net.minecraftforge.registries.GameData/REGISTRIES]: Applying holder lookups: minecraft:instrument
[025月2026 16:10:09.353] [main/DEBUG] [net.minecraftforge.registries.GameData/REGISTRIES]: Holder lookups applied: minecraft:instrument
[025月2026 16:10:09.354] [main/DEBUG] [net.minecraftforge.registries.GameData/REGISTRIES]: Applying holder lookups: minecraft:decorated_pot_patterns
[025月2026 16:10:09.354] [main/DEBUG] [net.minecraftforge.registries.GameData/REGISTRIES]: Holder lookups applied: minecraft:decorated_pot_patterns
[025月2026 16:10:09.355] [main/DEBUG] [net.minecraftforge.registries.GameData/REGISTRIES]: Applying holder lookups: minecraft:creative_mode_tab
[025月2026 16:10:09.356] [main/DEBUG] [net.minecraftforge.registries.GameData/REGISTRIES]: Holder lookups applied: minecraft:creative_mode_tab
[025月2026 16:10:09.364] [main/DEBUG] [net.minecraftforge.registries.GameData/REGISTRIES]: Applying holder lookups: forge:biome_modifier_serializers
[025月2026 16:10:09.365] [main/DEBUG] [net.minecraftforge.registries.GameData/REGISTRIES]: Holder lookups applied: forge:biome_modifier_serializers
[025月2026 16:10:09.365] [main/DEBUG] [net.minecraftforge.registries.GameData/REGISTRIES]: Applying holder lookups: forge:display_contexts
[025月2026 16:10:09.366] [main/DEBUG] [net.minecraftforge.registries.GameData/REGISTRIES]: Holder lookups applied: forge:display_contexts
[025月2026 16:10:09.366] [main/DEBUG] [net.minecraftforge.registries.GameData/REGISTRIES]: Applying holder lookups: forge:entity_data_serializers
[025月2026 16:10:09.366] [main/DEBUG] [net.minecraftforge.registries.GameData/REGISTRIES]: Holder lookups applied: forge:entity_data_serializers
[025月2026 16:10:09.370] [main/DEBUG] [net.minecraftforge.registries.GameData/REGISTRIES]: Applying holder lookups: forge:fluid_type
[025月2026 16:10:09.372] [main/DEBUG] [net.minecraftforge.registries.GameData/REGISTRIES]: Holder lookups applied: forge:fluid_type
[025月2026 16:10:09.372] [main/DEBUG] [net.minecraftforge.registries.GameData/REGISTRIES]: Applying holder lookups: forge:global_loot_modifier_serializers
[025月2026 16:10:09.372] [main/DEBUG] [net.minecraftforge.registries.GameData/REGISTRIES]: Holder lookups applied: forge:global_loot_modifier_serializers
[025月2026 16:10:09.378] [main/DEBUG] [net.minecraftforge.registries.GameData/REGISTRIES]: Applying holder lookups: forge:holder_set_type
[025月2026 16:10:09.378] [main/DEBUG] [net.minecraftforge.registries.GameData/REGISTRIES]: Holder lookups applied: forge:holder_set_type
[025月2026 16:10:09.379] [main/DEBUG] [net.minecraftforge.registries.GameData/REGISTRIES]: Applying holder lookups: forge:structure_modifier_serializers
[025月2026 16:10:09.379] [main/DEBUG] [net.minecraftforge.registries.GameData/REGISTRIES]: Holder lookups applied: forge:structure_modifier_serializers
[025月2026 16:10:09.379] [main/DEBUG] [net.minecraftforge.registries.GameData/REGISTRIES]: Applying holder lookups: minecraft:worldgen/biome
[025月2026 16:10:09.380] [main/DEBUG] [net.minecraftforge.registries.GameData/REGISTRIES]: Holder lookups applied: minecraft:worldgen/biome
[025月2026 16:10:09.541] [main/WARN] [net.minecraft.server.packs.VanillaPackResourcesBuilder/]: Assets URL 'union:/D:/Game/Minecraft%20Mod/Forge/RIAutomobility/build/fg_cache/net/minecraftforge/forge/1.20.1-47.1.3_mapped_official_1.20.1/forge-1.20.1-47.1.3_mapped_official_1.20.1-recomp.jar%23191!/assets/.mcassetsroot' uses unexpected schema
[025月2026 16:10:09.542] [main/WARN] [net.minecraft.server.packs.VanillaPackResourcesBuilder/]: Assets URL 'union:/D:/Game/Minecraft%20Mod/Forge/RIAutomobility/build/fg_cache/net/minecraftforge/forge/1.20.1-47.1.3_mapped_official_1.20.1/forge-1.20.1-47.1.3_mapped_official_1.20.1-recomp.jar%23191!/data/.mcassetsroot' uses unexpected schema
[025月2026 16:10:09.695] [main/INFO] [net.minecraft.data.DataGenerator/]: Starting provider: Languages: en_us
[025月2026 16:10:09.702] [main/INFO] [net.minecraft.data.DataGenerator/]: Languages: en_us finished after 7 ms
[025月2026 16:10:09.703] [main/INFO] [net.minecraft.data.DataGenerator/]: Starting provider: Languages: zh_cn
[025月2026 16:10:09.706] [main/INFO] [net.minecraft.data.DataGenerator/]: Languages: zh_cn finished after 2 ms
[025月2026 16:10:09.706] [main/INFO] [net.minecraft.data.DataGenerator/]: All providers took: 11 ms
[025月2026 16:10:09.713] [main/INFO] [net.minecraft.data.HashCache/]: Caching: total files: 2, old count: 2, new count: 3, removed stale: 0, written: 1
